/sys/fs/resctrl/memcached-server-rdt/mon_data/mon_L3_00/llc_occupancy,2022-08-21 18:33:49,122880
/sys/fs/resctrl/memcached-server-rdt/mon_data/mon_L3_00/llc_occupancy,2022-08-21 18:33:52,1556480
/sys/fs/resctrl/memcached-server-rdt/mon_data/mon_L3_00/llc_occupancy,2022-08-21 18:33:55,5324800
/sys/fs/resctrl/memcached-server-rdt/mon_data/mon_L3_00/llc_occupancy,2022-08-21 18:33:58,5365760
/sys/fs/resctrl/memcached-server-rdt/mon_data/mon_L3_00/llc_occupancy,2022-08-21 18:34:01,5734400
/sys/fs/resctrl/memcached-server-rdt/mon_data/mon_L3_00/llc_occupancy,2022-08-21 18:34:04,6840320
/sys/fs/resctrl/memcached-server-rdt/mon_data/mon_L3_00/llc_occupancy,2022-08-21 18:34:07,6512640
/sys/fs/resctrl/memcached-server-rdt/mon_data/mon_L3_00/llc_occupancy,2022-08-21 18:34:10,6799360
/sys/fs/resctrl/memcached-server-rdt/mon_data/mon_L3_00/llc_occupancy,2022-08-21 18:34:13,6062080
/sys/fs/resctrl/memcached-server-rdt/mon_data/mon_L3_00/llc_occupancy,2022-08-21 18:34:16,7086080
/sys/fs/resctrl/memcached-server-rdt/mon_data/mon_L3_00/llc_occupancy,2022-08-21 18:34:19,5734400
/sys/fs/resctrl/memcached-server-rdt/mon_data/mon_L3_00/llc_occupancy,2022-08-21 18:34:22,6144000
/sys/fs/resctrl/memcached-server-rdt/mon_data/mon_L3_00/llc_occupancy,2022-08-21 18:34:25,6676480
/sys/fs/resctrl/memcached-server-rdt/mon_data/mon_L3_00/llc_occupancy,2022-08-21 18:34:28,6717440
/sys/fs/resctrl/memcached-server-rdt/mon_data/mon_L3_00/llc_occupancy,2022-08-21 18:34:31,6430720
/sys/fs/resctrl/memcached-server-rdt/mon_data/mon_L3_00/llc_occupancy,2022-08-21 18:34:34,6389760
/sys/fs/resctrl/memcached-server-rdt/mon_data/mon_L3_00/llc_occupancy,2022-08-21 18:34:37,6307840
/sys/fs/resctrl/memcached-server-rdt/mon_data/mon_L3_00/llc_occupancy,2022-08-21 18:34:40,6512640
/sys/fs/resctrl/memcached-server-rdt/mon_data/mon_L3_00/llc_occupancy,2022-08-21 18:34:43,5734400
/sys/fs/resctrl/memcached-server-rdt/mon_data/mon_L3_00/llc_occupancy,2022-08-21 18:34:46,81920
/sys/fs/resctrl/memcached-server-rdt/mon_data/mon_L3_00/llc_occupancy,2022-08-21 18:34:49,81920
/sys/fs/resctrl/memcached-server-rdt/mon_data/mon_L3_00/llc_occupancy,2022-08-21 18:34:52,1269760
/sys/fs/resctrl/memcached-server-rdt/mon_data/mon_L3_00/llc_occupancy,2022-08-21 18:34:55,6266880
/sys/fs/resctrl/memcached-server-rdt/mon_data/mon_L3_00/llc_occupancy,2022-08-21 18:34:58,6021120
/sys/fs/resctrl/memcached-server-rdt/mon_data/mon_L3_00/llc_occupancy,2022-08-21 18:35:01,4833280
/sys/fs/resctrl/memcached-server-rdt/mon_data/mon_L3_00/llc_occupancy,2022-08-21 18:35:04,6635520
/sys/fs/resctrl/memcached-server-rdt/mon_data/mon_L3_00/llc_occupancy,2022-08-21 18:35:07,6676480
/sys/fs/resctrl/memcached-server-rdt/mon_data/mon_L3_00/llc_occupancy,2022-08-21 18:35:10,5283840
/sys/fs/resctrl/memcached-server-rdt/mon_data/mon_L3_00/llc_occupancy,2022-08-21 18:35:13,4136960
/sys/fs/resctrl/memcached-server-rdt/mon_data/mon_L3_00/llc_occupancy,2022-08-21 18:35:16,4628480
/sys/fs/resctrl/memcached-server-rdt/mon_data/mon_L3_00/llc_occupancy,2022-08-21 18:35:19,4956160
/sys/fs/resctrl/memcached-server-rdt/mon_data/mon_L3_00/llc_occupancy,2022-08-21 18:35:22,5038080
/sys/fs/resctrl/memcached-server-rdt/mon_data/mon_L3_00/llc_occupancy,2022-08-21 18:35:25,4997120
/sys/fs/resctrl/memcached-server-rdt/mon_data/mon_L3_00/llc_occupancy,2022-08-21 18:35:28,5611520
/sys/fs/resctrl/memcached-server-rdt/mon_data/mon_L3_00/llc_occupancy,2022-08-21 18:35:31,5038080
/sys/fs/resctrl/memcached-server-rdt/mon_data/mon_L3_00/llc_occupancy,2022-08-21 18:35:34,5120000
/sys/fs/resctrl/memcached-server-rdt/mon_data/mon_L3_00/llc_occupancy,2022-08-21 18:35:37,4915200
/sys/fs/resctrl/memcached-server-rdt/mon_data/mon_L3_00/llc_occupancy,2022-08-21 18:35:40,5038080
/sys/fs/resctrl/memcached-server-rdt/mon_data/mon_L3_00/llc_occupancy,2022-08-21 18:35:43,5324800
/sys/fs/resctrl/memcached-server-rdt/mon_data/mon_L3_00/llc_occupancy,2022-08-21 18:35:46,40960
/sys/fs/resctrl/memcached-server-rdt/mon_data/mon_L3_00/llc_occupancy,2022-08-21 18:35:49,40960
/sys/fs/resctrl/memcached-server-rdt/mon_data/mon_L3_00/llc_occupancy,2022-08-21 18:35:52,40960
/sys/fs/resctrl/memcached-server-rdt/mon_data/mon_L3_00/llc_occupancy,2022-08-21 18:35:55,5652480
/sys/fs/resctrl/memcached-server-rdt/mon_data/mon_L3_00/llc_occupancy,2022-08-21 18:35:58,5816320
/sys/fs/resctrl/memcached-server-rdt/mon_data/mon_L3_00/llc_occupancy,2022-08-21 18:36:01,5570560
/sys/fs/resctrl/memcached-server-rdt/mon_data/mon_L3_00/llc_occupancy,2022-08-21 18:36:04,4874240
/sys/fs/resctrl/memcached-server-rdt/mon_data/mon_L3_00/llc_occupancy,2022-08-21 18:36:07,4792320
/sys/fs/resctrl/memcached-server-rdt/mon_data/mon_L3_00/llc_occupancy,2022-08-21 18:36:10,4956160
/sys/fs/resctrl/memcached-server-rdt/mon_data/mon_L3_00/llc_occupancy,2022-08-21 18:36:13,5529600
/sys/fs/resctrl/memcached-server-rdt/mon_data/mon_L3_00/llc_occupancy,2022-08-21 18:36:16,5324800
/sys/fs/resctrl/memcached-server-rdt/mon_data/mon_L3_00/llc_occupancy,2022-08-21 18:36:19,5283840
/sys/fs/resctrl/memcached-server-rdt/mon_data/mon_L3_00/llc_occupancy,2022-08-21 18:36:22,5406720
/sys/fs/resctrl/memcached-server-rdt/mon_data/mon_L3_00/llc_occupancy,2022-08-21 18:36:25,5529600
/sys/fs/resctrl/memcached-server-rdt/mon_data/mon_L3_00/llc_occupancy,2022-08-21 18:36:28,5242880
/sys/fs/resctrl/memcached-server-rdt/mon_data/mon_L3_00/llc_occupancy,2022-08-21 18:36:31,4300800
/sys/fs/resctrl/memcached-server-rdt/mon_data/mon_L3_00/llc_occupancy,2022-08-21 18:36:34,5447680
/sys/fs/resctrl/memcached-server-rdt/mon_data/mon_L3_00/llc_occupancy,2022-08-21 18:36:37,4792320
/sys/fs/resctrl/memcached-server-rdt/mon_data/mon_L3_00/llc_occupancy,2022-08-21 18:36:40,5242880
/sys/fs/resctrl/memcached-server-rdt/mon_data/mon_L3_00/llc_occupancy,2022-08-21 18:36:43,3973120
/sys/fs/resctrl/memcached-server-rdt/mon_data/mon_L3_00/llc_occupancy,2022-08-21 18:36:46,40960
/sys/fs/resctrl/memcached-server-rdt/mon_data/mon_L3_00/llc_occupancy,2022-08-21 18:36:49,0
/sys/fs/resctrl/memcached-server-rdt/mon_data/mon_L3_00/llc_occupancy,2022-08-21 18:36:52,0
/sys/fs/resctrl/memcached-server-rdt/mon_data/mon_L3_00/llc_occupancy,2022-08-21 18:36:55,4423680
/sys/fs/resctrl/memcached-server-rdt/mon_data/mon_L3_00/llc_occupancy,2022-08-21 18:36:58,5529600
/sys/fs/resctrl/memcached-server-rdt/mon_data/mon_L3_00/llc_occupancy,2022-08-21 18:37:01,4628480
/sys/fs/resctrl/memcached-server-rdt/mon_data/mon_L3_00/llc_occupancy,2022-08-21 18:37:04,5365760
/sys/fs/resctrl/memcached-server-rdt/mon_data/mon_L3_00/llc_occupancy,2022-08-21 18:37:07,4136960
/sys/fs/resctrl/memcached-server-rdt/mon_data/mon_L3_00/llc_occupancy,2022-08-21 18:37:10,3153920
/sys/fs/resctrl/memcached-server-rdt/mon_data/mon_L3_00/llc_occupancy,2022-08-21 18:37:13,1392640
/sys/fs/resctrl/memcached-server-rdt/mon_data/mon_L3_00/llc_occupancy,2022-08-21 18:37:16,1474560
/sys/fs/resctrl/memcached-server-rdt/mon_data/mon_L3_00/llc_occupancy,2022-08-21 18:37:19,2252800
/sys/fs/resctrl/memcached-server-rdt/mon_data/mon_L3_00/llc_occupancy,2022-08-21 18:37:22,1679360
/sys/fs/resctrl/memcached-server-rdt/mon_data/mon_L3_00/llc_occupancy,2022-08-21 18:37:25,4423680
/sys/fs/resctrl/memcached-server-rdt/mon_data/mon_L3_00/llc_occupancy,2022-08-21 18:37:28,3112960
/sys/fs/resctrl/memcached-server-rdt/mon_data/mon_L3_00/llc_occupancy,2022-08-21 18:37:31,2826240
/sys/fs/resctrl/memcached-server-rdt/mon_data/mon_L3_00/llc_occupancy,2022-08-21 18:37:34,3112960
/sys/fs/resctrl/parsec-rdt/mon_data/mon_L3_00/llc_occupancy,2022-08-21 18:37:34,2048000
/sys/fs/resctrl/memcached-server-rdt/mon_data/mon_L3_00/llc_occupancy,2022-08-21 18:37:37,2293760
/sys/fs/resctrl/parsec-rdt/mon_data/mon_L3_00/llc_occupancy,2022-08-21 18:37:37,4710400
/sys/fs/resctrl/memcached-server-rdt/mon_data/mon_L3_00/llc_occupancy,2022-08-21 18:37:40,3194880
/sys/fs/resctrl/parsec-rdt/mon_data/mon_L3_00/llc_occupancy,2022-08-21 18:37:40,3112960
/sys/fs/resctrl/memcached-server-rdt/mon_data/mon_L3_00/llc_occupancy,2022-08-21 18:37:43,1064960
/sys/fs/resctrl/parsec-rdt/mon_data/mon_L3_00/llc_occupancy,2022-08-21 18:37:43,4055040
/sys/fs/resctrl/memcached-server-rdt/mon_data/mon_L3_00/llc_occupancy,2022-08-21 18:37:46,0
/sys/fs/resctrl/parsec-rdt/mon_data/mon_L3_00/llc_occupancy,2022-08-21 18:37:46,7536640
/sys/fs/resctrl/memcached-server-rdt/mon_data/mon_L3_00/llc_occupancy,2022-08-21 18:37:49,0
/sys/fs/resctrl/parsec-rdt/mon_data/mon_L3_00/llc_occupancy,2022-08-21 18:37:49,7413760
/sys/fs/resctrl/memcached-server-rdt/mon_data/mon_L3_00/llc_occupancy,2022-08-21 18:37:52,0
/sys/fs/resctrl/parsec-rdt/mon_data/mon_L3_00/llc_occupancy,2022-08-21 18:37:52,6184960
/sys/fs/resctrl/memcached-server-rdt/mon_data/mon_L3_00/llc_occupancy,2022-08-21 18:37:55,2703360
/sys/fs/resctrl/parsec-rdt/mon_data/mon_L3_00/llc_occupancy,2022-08-21 18:37:55,4587520
/sys/fs/resctrl/memcached-server-rdt/mon_data/mon_L3_00/llc_occupancy,2022-08-21 18:37:58,3850240
/sys/fs/resctrl/parsec-rdt/mon_data/mon_L3_00/llc_occupancy,2022-08-21 18:37:58,2908160
/sys/fs/resctrl/memcached-server-rdt/mon_data/mon_L3_00/llc_occupancy,2022-08-21 18:38:01,4014080
/sys/fs/resctrl/parsec-rdt/mon_data/mon_L3_00/llc_occupancy,2022-08-21 18:38:01,3031040
/sys/fs/resctrl/memcached-server-rdt/mon_data/mon_L3_00/llc_occupancy,2022-08-21 18:38:04,6348800
/sys/fs/resctrl/parsec-rdt/mon_data/mon_L3_00/llc_occupancy,2022-08-21 18:38:04,1105920
/sys/fs/resctrl/memcached-server-rdt/mon_data/mon_L3_00/llc_occupancy,2022-08-21 18:38:07,4833280
/sys/fs/resctrl/parsec-rdt/mon_data/mon_L3_00/llc_occupancy,2022-08-21 18:38:07,3276800
/sys/fs/resctrl/memcached-server-rdt/mon_data/mon_L3_00/llc_occupancy,2022-08-21 18:38:10,6062080
/sys/fs/resctrl/parsec-rdt/mon_data/mon_L3_00/llc_occupancy,2022-08-21 18:38:10,1228800
/sys/fs/resctrl/memcached-server-rdt/mon_data/mon_L3_00/llc_occupancy,2022-08-21 18:38:13,2621440
/sys/fs/resctrl/parsec-rdt/mon_data/mon_L3_00/llc_occupancy,2022-08-21 18:38:13,4751360
/sys/fs/resctrl/memcached-server-rdt/mon_data/mon_L3_00/llc_occupancy,2022-08-21 18:38:16,3112960
/sys/fs/resctrl/parsec-rdt/mon_data/mon_L3_00/llc_occupancy,2022-08-21 18:38:16,5283840
/sys/fs/resctrl/memcached-server-rdt/mon_data/mon_L3_00/llc_occupancy,2022-08-21 18:38:19,2498560
/sys/fs/resctrl/parsec-rdt/mon_data/mon_L3_00/llc_occupancy,2022-08-21 18:38:19,4628480
/sys/fs/resctrl/memcached-server-rdt/mon_data/mon_L3_00/llc_occupancy,2022-08-21 18:38:22,3235840
/sys/fs/resctrl/parsec-rdt/mon_data/mon_L3_00/llc_occupancy,2022-08-21 18:38:22,4096000
/sys/fs/resctrl/memcached-server-rdt/mon_data/mon_L3_00/llc_occupancy,2022-08-21 18:38:25,4014080
/sys/fs/resctrl/parsec-rdt/mon_data/mon_L3_00/llc_occupancy,2022-08-21 18:38:25,3809280
/sys/fs/resctrl/memcached-server-rdt/mon_data/mon_L3_00/llc_occupancy,2022-08-21 18:38:28,983040
/sys/fs/resctrl/parsec-rdt/mon_data/mon_L3_00/llc_occupancy,2022-08-21 18:38:28,7168000
/sys/fs/resctrl/memcached-server-rdt/mon_data/mon_L3_00/llc_occupancy,2022-08-21 18:38:31,1351680
/sys/fs/resctrl/parsec-rdt/mon_data/mon_L3_00/llc_occupancy,2022-08-21 18:38:31,6799360
/sys/fs/resctrl/memcached-server-rdt/mon_data/mon_L3_00/llc_occupancy,2022-08-21 18:38:34,1392640
/sys/fs/resctrl/parsec-rdt/mon_data/mon_L3_00/llc_occupancy,2022-08-21 18:38:34,5652480
/sys/fs/resctrl/memcached-server-rdt/mon_data/mon_L3_00/llc_occupancy,2022-08-21 18:38:37,1351680
/sys/fs/resctrl/parsec-rdt/mon_data/mon_L3_00/llc_occupancy,2022-08-21 18:38:37,7004160
/sys/fs/resctrl/memcached-server-rdt/mon_data/mon_L3_00/llc_occupancy,2022-08-21 18:38:40,1515520
/sys/fs/resctrl/parsec-rdt/mon_data/mon_L3_00/llc_occupancy,2022-08-21 18:38:40,7413760
/sys/fs/resctrl/memcached-server-rdt/mon_data/mon_L3_00/llc_occupancy,2022-08-21 18:38:43,1310720
/sys/fs/resctrl/parsec-rdt/mon_data/mon_L3_00/llc_occupancy,2022-08-21 18:38:43,6225920
/sys/fs/resctrl/memcached-server-rdt/mon_data/mon_L3_00/llc_occupancy,2022-08-21 18:38:46,0
/sys/fs/resctrl/parsec-rdt/mon_data/mon_L3_00/llc_occupancy,2022-08-21 18:38:46,7782400
/sys/fs/resctrl/memcached-server-rdt/mon_data/mon_L3_00/llc_occupancy,2022-08-21 18:38:49,0
/sys/fs/resctrl/parsec-rdt/mon_data/mon_L3_00/llc_occupancy,2022-08-21 18:38:49,0
/sys/fs/resctrl/memcached-server-rdt/mon_data/mon_L3_00/llc_occupancy,2022-08-21 18:38:52,40960
/sys/fs/resctrl/parsec-rdt/mon_data/mon_L3_00/llc_occupancy,2022-08-21 18:38:52,0
/sys/fs/resctrl/memcached-server-rdt/mon_data/mon_L3_00/llc_occupancy,2022-08-21 18:38:56,6635520
/sys/fs/resctrl/parsec-rdt/mon_data/mon_L3_00/llc_occupancy,2022-08-21 18:38:56,0
/sys/fs/resctrl/memcached-server-rdt/mon_data/mon_L3_00/llc_occupancy,2022-08-21 18:38:59,5447680
/sys/fs/resctrl/parsec-rdt/mon_data/mon_L3_00/llc_occupancy,2022-08-21 18:38:59,1679360
/sys/fs/resctrl/memcached-server-rdt/mon_data/mon_L3_00/llc_occupancy,2022-08-21 18:39:02,4792320
/sys/fs/resctrl/parsec-rdt/mon_data/mon_L3_00/llc_occupancy,2022-08-21 18:39:02,409600
/sys/fs/resctrl/memcached-server-rdt/mon_data/mon_L3_00/llc_occupancy,2022-08-21 18:39:05,1474560
/sys/fs/resctrl/parsec-rdt/mon_data/mon_L3_00/llc_occupancy,2022-08-21 18:39:05,6348800
/sys/fs/resctrl/memcached-server-rdt/mon_data/mon_L3_00/llc_occupancy,2022-08-21 18:39:08,614400
/sys/fs/resctrl/parsec-rdt/mon_data/mon_L3_00/llc_occupancy,2022-08-21 18:39:08,6184960
/sys/fs/resctrl/memcached-server-rdt/mon_data/mon_L3_00/llc_occupancy,2022-08-21 18:39:11,3317760
/sys/fs/resctrl/parsec-rdt/mon_data/mon_L3_00/llc_occupancy,2022-08-21 18:39:11,5406720
/sys/fs/resctrl/memcached-server-rdt/mon_data/mon_L3_00/llc_occupancy,2022-08-21 18:39:14,1433600
/sys/fs/resctrl/parsec-rdt/mon_data/mon_L3_00/llc_occupancy,2022-08-21 18:39:14,5980160
/sys/fs/resctrl/memcached-server-rdt/mon_data/mon_L3_00/llc_occupancy,2022-08-21 18:39:17,5693440
/sys/fs/resctrl/parsec-rdt/mon_data/mon_L3_00/llc_occupancy,2022-08-21 18:39:17,2580480
/sys/fs/resctrl/memcached-server-rdt/mon_data/mon_L3_00/llc_occupancy,2022-08-21 18:39:20,2293760
/sys/fs/resctrl/parsec-rdt/mon_data/mon_L3_00/llc_occupancy,2022-08-21 18:39:20,6266880
/sys/fs/resctrl/memcached-server-rdt/mon_data/mon_L3_00/llc_occupancy,2022-08-21 18:39:23,4710400
/sys/fs/resctrl/parsec-rdt/mon_data/mon_L3_00/llc_occupancy,2022-08-21 18:39:23,4218880
/sys/fs/resctrl/memcached-server-rdt/mon_data/mon_L3_00/llc_occupancy,2022-08-21 18:39:26,3072000
/sys/fs/resctrl/parsec-rdt/mon_data/mon_L3_00/llc_occupancy,2022-08-21 18:39:26,4710400
/sys/fs/resctrl/memcached-server-rdt/mon_data/mon_L3_00/llc_occupancy,2022-08-21 18:39:29,3031040
/sys/fs/resctrl/parsec-rdt/mon_data/mon_L3_00/llc_occupancy,2022-08-21 18:39:29,5283840
/sys/fs/resctrl/memcached-server-rdt/mon_data/mon_L3_00/llc_occupancy,2022-08-21 18:39:32,3031040
/sys/fs/resctrl/parsec-rdt/mon_data/mon_L3_00/llc_occupancy,2022-08-21 18:39:32,5365760
/sys/fs/resctrl/memcached-server-rdt/mon_data/mon_L3_00/llc_occupancy,2022-08-21 18:39:35,6021120
/sys/fs/resctrl/parsec-rdt/mon_data/mon_L3_00/llc_occupancy,2022-08-21 18:39:35,5734400
/sys/fs/resctrl/memcached-server-rdt/mon_data/mon_L3_00/llc_occupancy,2022-08-21 18:39:38,1269760
/sys/fs/resctrl/parsec-rdt/mon_data/mon_L3_00/llc_occupancy,2022-08-21 18:39:38,4505600
/sys/fs/resctrl/memcached-server-rdt/mon_data/mon_L3_00/llc_occupancy,2022-08-21 18:39:41,4096000
/sys/fs/resctrl/parsec-rdt/mon_data/mon_L3_00/llc_occupancy,2022-08-21 18:39:41,2293760
/sys/fs/resctrl/memcached-server-rdt/mon_data/mon_L3_00/llc_occupancy,2022-08-21 18:39:44,1884160
/sys/fs/resctrl/parsec-rdt/mon_data/mon_L3_00/llc_occupancy,2022-08-21 18:39:44,5611520
/sys/fs/resctrl/memcached-server-rdt/mon_data/mon_L3_00/llc_occupancy,2022-08-21 18:39:47,81920
/sys/fs/resctrl/parsec-rdt/mon_data/mon_L3_00/llc_occupancy,2022-08-21 18:39:47,7618560
/sys/fs/resctrl/memcached-server-rdt/mon_data/mon_L3_00/llc_occupancy,2022-08-21 18:39:50,0
/sys/fs/resctrl/parsec-rdt/mon_data/mon_L3_00/llc_occupancy,2022-08-21 18:39:50,7782400
/sys/fs/resctrl/memcached-server-rdt/mon_data/mon_L3_00/llc_occupancy,2022-08-21 18:39:53,0
/sys/fs/resctrl/parsec-rdt/mon_data/mon_L3_00/llc_occupancy,2022-08-21 18:39:53,7413760
/sys/fs/resctrl/memcached-server-rdt/mon_data/mon_L3_00/llc_occupancy,2022-08-21 18:39:56,1556480
/sys/fs/resctrl/parsec-rdt/mon_data/mon_L3_00/llc_occupancy,2022-08-21 18:39:56,6676480
/sys/fs/resctrl/memcached-server-rdt/mon_data/mon_L3_00/llc_occupancy,2022-08-21 18:39:59,1843200
/sys/fs/resctrl/parsec-rdt/mon_data/mon_L3_00/llc_occupancy,2022-08-21 18:39:59,5242880
/sys/fs/resctrl/memcached-server-rdt/mon_data/mon_L3_00/llc_occupancy,2022-08-21 18:40:02,1310720
/sys/fs/resctrl/parsec-rdt/mon_data/mon_L3_00/llc_occupancy,2022-08-21 18:40:02,5693440
/sys/fs/resctrl/memcached-server-rdt/mon_data/mon_L3_00/llc_occupancy,2022-08-21 18:40:05,1515520
/sys/fs/resctrl/parsec-rdt/mon_data/mon_L3_00/llc_occupancy,2022-08-21 18:40:05,5775360
/sys/fs/resctrl/memcached-server-rdt/mon_data/mon_L3_00/llc_occupancy,2022-08-21 18:40:08,7536640
/sys/fs/resctrl/parsec-rdt/mon_data/mon_L3_00/llc_occupancy,2022-08-21 18:40:08,0
/sys/fs/resctrl/memcached-server-rdt/mon_data/mon_L3_00/llc_occupancy,2022-08-21 18:40:11,6594560
/sys/fs/resctrl/parsec-rdt/mon_data/mon_L3_00/llc_occupancy,2022-08-21 18:40:11,0
/sys/fs/resctrl/memcached-server-rdt/mon_data/mon_L3_00/llc_occupancy,2022-08-21 18:40:14,6594560
/sys/fs/resctrl/parsec-rdt/mon_data/mon_L3_00/llc_occupancy,2022-08-21 18:40:14,0
/sys/fs/resctrl/memcached-server-rdt/mon_data/mon_L3_00/llc_occupancy,2022-08-21 18:40:17,6758400
/sys/fs/resctrl/parsec-rdt/mon_data/mon_L3_00/llc_occupancy,2022-08-21 18:40:17,532480
/sys/fs/resctrl/memcached-server-rdt/mon_data/mon_L3_00/llc_occupancy,2022-08-21 18:40:20,2457600
/sys/fs/resctrl/parsec-rdt/mon_data/mon_L3_00/llc_occupancy,2022-08-21 18:40:20,3768320
/sys/fs/resctrl/memcached-server-rdt/mon_data/mon_L3_00/llc_occupancy,2022-08-21 18:40:23,3358720
/sys/fs/resctrl/parsec-rdt/mon_data/mon_L3_00/llc_occupancy,2022-08-21 18:40:23,4956160
/sys/fs/resctrl/memcached-server-rdt/mon_data/mon_L3_00/llc_occupancy,2022-08-21 18:40:26,1720320
/sys/fs/resctrl/parsec-rdt/mon_data/mon_L3_00/llc_occupancy,2022-08-21 18:40:26,2826240
/sys/fs/resctrl/memcached-server-rdt/mon_data/mon_L3_00/llc_occupancy,2022-08-21 18:40:29,3932160
/sys/fs/resctrl/parsec-rdt/mon_data/mon_L3_00/llc_occupancy,2022-08-21 18:40:29,3153920
/sys/fs/resctrl/memcached-server-rdt/mon_data/mon_L3_00/llc_occupancy,2022-08-21 18:40:32,3768320
/sys/fs/resctrl/parsec-rdt/mon_data/mon_L3_00/llc_occupancy,2022-08-21 18:40:32,2252800
/sys/fs/resctrl/memcached-server-rdt/mon_data/mon_L3_00/llc_occupancy,2022-08-21 18:40:35,4423680
/sys/fs/resctrl/parsec-rdt/mon_data/mon_L3_00/llc_occupancy,2022-08-21 18:40:35,2826240
/sys/fs/resctrl/memcached-server-rdt/mon_data/mon_L3_00/llc_occupancy,2022-08-21 18:40:38,3072000
/sys/fs/resctrl/parsec-rdt/mon_data/mon_L3_00/llc_occupancy,2022-08-21 18:40:38,3645440
/sys/fs/resctrl/memcached-server-rdt/mon_data/mon_L3_00/llc_occupancy,2022-08-21 18:40:41,5816320
/sys/fs/resctrl/parsec-rdt/mon_data/mon_L3_00/llc_occupancy,2022-08-21 18:40:41,1064960
/sys/fs/resctrl/memcached-server-rdt/mon_data/mon_L3_00/llc_occupancy,2022-08-21 18:40:44,4096000
/sys/fs/resctrl/parsec-rdt/mon_data/mon_L3_00/llc_occupancy,2022-08-21 18:40:44,4096000
/sys/fs/resctrl/memcached-server-rdt/mon_data/mon_L3_00/llc_occupancy,2022-08-21 18:40:47,0
/sys/fs/resctrl/parsec-rdt/mon_data/mon_L3_00/llc_occupancy,2022-08-21 18:40:47,5898240
/sys/fs/resctrl/memcached-server-rdt/mon_data/mon_L3_00/llc_occupancy,2022-08-21 18:40:50,0
/sys/fs/resctrl/parsec-rdt/mon_data/mon_L3_00/llc_occupancy,2022-08-21 18:40:50,7086080
/sys/fs/resctrl/memcached-server-rdt/mon_data/mon_L3_00/llc_occupancy,2022-08-21 18:40:53,0
/sys/fs/resctrl/parsec-rdt/mon_data/mon_L3_00/llc_occupancy,2022-08-21 18:40:53,7700480
/sys/fs/resctrl/memcached-server-rdt/mon_data/mon_L3_00/llc_occupancy,2022-08-21 18:40:56,2580480
/sys/fs/resctrl/parsec-rdt/mon_data/mon_L3_00/llc_occupancy,2022-08-21 18:40:56,5406720
/sys/fs/resctrl/memcached-server-rdt/mon_data/mon_L3_00/llc_occupancy,2022-08-21 18:40:59,3727360
/sys/fs/resctrl/parsec-rdt/mon_data/mon_L3_00/llc_occupancy,2022-08-21 18:40:59,4505600
/sys/fs/resctrl/memcached-server-rdt/mon_data/mon_L3_00/llc_occupancy,2022-08-21 18:41:02,3440640
/sys/fs/resctrl/parsec-rdt/mon_data/mon_L3_00/llc_occupancy,2022-08-21 18:41:02,3645440
/sys/fs/resctrl/memcached-server-rdt/mon_data/mon_L3_00/llc_occupancy,2022-08-21 18:41:05,4710400
/sys/fs/resctrl/parsec-rdt/mon_data/mon_L3_00/llc_occupancy,2022-08-21 18:41:05,2416640
/sys/fs/resctrl/memcached-server-rdt/mon_data/mon_L3_00/llc_occupancy,2022-08-21 18:41:08,5488640
/sys/fs/resctrl/parsec-rdt/mon_data/mon_L3_00/llc_occupancy,2022-08-21 18:41:08,6676480
/sys/fs/resctrl/memcached-server-rdt/mon_data/mon_L3_00/llc_occupancy,2022-08-21 18:41:11,3891200
/sys/fs/resctrl/parsec-rdt/mon_data/mon_L3_00/llc_occupancy,2022-08-21 18:41:11,2908160
/sys/fs/resctrl/memcached-server-rdt/mon_data/mon_L3_00/llc_occupancy,2022-08-21 18:41:14,3604480
/sys/fs/resctrl/parsec-rdt/mon_data/mon_L3_00/llc_occupancy,2022-08-21 18:41:14,3276800
/sys/fs/resctrl/memcached-server-rdt/mon_data/mon_L3_00/llc_occupancy,2022-08-21 18:41:17,4014080
/sys/fs/resctrl/parsec-rdt/mon_data/mon_L3_00/llc_occupancy,2022-08-21 18:41:17,778240
/sys/fs/resctrl/memcached-server-rdt/mon_data/mon_L3_00/llc_occupancy,2022-08-21 18:41:20,4218880
/sys/fs/resctrl/parsec-rdt/mon_data/mon_L3_00/llc_occupancy,2022-08-21 18:41:20,1761280
/sys/fs/resctrl/memcached-server-rdt/mon_data/mon_L3_00/llc_occupancy,2022-08-21 18:41:23,3563520
/sys/fs/resctrl/parsec-rdt/mon_data/mon_L3_00/llc_occupancy,2022-08-21 18:41:23,3645440
/sys/fs/resctrl/memcached-server-rdt/mon_data/mon_L3_00/llc_occupancy,2022-08-21 18:41:26,4628480
/sys/fs/resctrl/parsec-rdt/mon_data/mon_L3_00/llc_occupancy,2022-08-21 18:41:26,3031040
/sys/fs/resctrl/memcached-server-rdt/mon_data/mon_L3_00/llc_occupancy,2022-08-21 18:41:29,5079040
/sys/fs/resctrl/parsec-rdt/mon_data/mon_L3_00/llc_occupancy,2022-08-21 18:41:29,2826240
/sys/fs/resctrl/memcached-server-rdt/mon_data/mon_L3_00/llc_occupancy,2022-08-21 18:41:32,2949120
/sys/fs/resctrl/parsec-rdt/mon_data/mon_L3_00/llc_occupancy,2022-08-21 18:41:32,4464640
/sys/fs/resctrl/memcached-server-rdt/mon_data/mon_L3_00/llc_occupancy,2022-08-21 18:41:35,3481600
/sys/fs/resctrl/parsec-rdt/mon_data/mon_L3_00/llc_occupancy,2022-08-21 18:41:35,2416640
/sys/fs/resctrl/memcached-server-rdt/mon_data/mon_L3_00/llc_occupancy,2022-08-21 18:41:38,5406720
/sys/fs/resctrl/parsec-rdt/mon_data/mon_L3_00/llc_occupancy,2022-08-21 18:41:38,2498560
/sys/fs/resctrl/memcached-server-rdt/mon_data/mon_L3_00/llc_occupancy,2022-08-21 18:41:41,5283840
/sys/fs/resctrl/parsec-rdt/mon_data/mon_L3_00/llc_occupancy,2022-08-21 18:41:41,2949120
/sys/fs/resctrl/memcached-server-rdt/mon_data/mon_L3_00/llc_occupancy,2022-08-21 18:41:44,4300800
/sys/fs/resctrl/parsec-rdt/mon_data/mon_L3_00/llc_occupancy,2022-08-21 18:41:44,1597440
/sys/fs/resctrl/memcached-server-rdt/mon_data/mon_L3_00/llc_occupancy,2022-08-21 18:41:47,122880
/sys/fs/resctrl/parsec-rdt/mon_data/mon_L3_00/llc_occupancy,2022-08-21 18:41:47,6021120
/sys/fs/resctrl/memcached-server-rdt/mon_data/mon_L3_00/llc_occupancy,2022-08-21 18:41:50,40960
/sys/fs/resctrl/parsec-rdt/mon_data/mon_L3_00/llc_occupancy,2022-08-21 18:41:50,2580480
/sys/fs/resctrl/memcached-server-rdt/mon_data/mon_L3_00/llc_occupancy,2022-08-21 18:41:53,0
/sys/fs/resctrl/parsec-rdt/mon_data/mon_L3_00/llc_occupancy,2022-08-21 18:41:53,5201920
/sys/fs/resctrl/memcached-server-rdt/mon_data/mon_L3_00/llc_occupancy,2022-08-21 18:41:56,3276800
/sys/fs/resctrl/parsec-rdt/mon_data/mon_L3_00/llc_occupancy,2022-08-21 18:41:56,3276800
/sys/fs/resctrl/memcached-server-rdt/mon_data/mon_L3_00/llc_occupancy,2022-08-21 18:41:59,5488640
/sys/fs/resctrl/parsec-rdt/mon_data/mon_L3_00/llc_occupancy,2022-08-21 18:41:59,0
/sys/fs/resctrl/memcached-server-rdt/mon_data/mon_L3_00/llc_occupancy,2022-08-21 18:42:02,5201920
/sys/fs/resctrl/parsec-rdt/mon_data/mon_L3_00/llc_occupancy,2022-08-21 18:42:02,0
/sys/fs/resctrl/memcached-server-rdt/mon_data/mon_L3_00/llc_occupancy,2022-08-21 18:42:05,4587520
/sys/fs/resctrl/parsec-rdt/mon_data/mon_L3_00/llc_occupancy,2022-08-21 18:42:05,0
/sys/fs/resctrl/memcached-server-rdt/mon_data/mon_L3_00/llc_occupancy,2022-08-21 18:42:08,3973120
/sys/fs/resctrl/parsec-rdt/mon_data/mon_L3_00/llc_occupancy,2022-08-21 18:42:08,2170880
/sys/fs/resctrl/memcached-server-rdt/mon_data/mon_L3_00/llc_occupancy,2022-08-21 18:42:11,1351680
/sys/fs/resctrl/parsec-rdt/mon_data/mon_L3_00/llc_occupancy,2022-08-21 18:42:11,5283840
/sys/fs/resctrl/memcached-server-rdt/mon_data/mon_L3_00/llc_occupancy,2022-08-21 18:42:14,1187840
/sys/fs/resctrl/parsec-rdt/mon_data/mon_L3_00/llc_occupancy,2022-08-21 18:42:14,4669440
/sys/fs/resctrl/memcached-server-rdt/mon_data/mon_L3_00/llc_occupancy,2022-08-21 18:42:17,1556480
/sys/fs/resctrl/parsec-rdt/mon_data/mon_L3_00/llc_occupancy,2022-08-21 18:42:17,6471680
/sys/fs/resctrl/memcached-server-rdt/mon_data/mon_L3_00/llc_occupancy,2022-08-21 18:42:20,2007040
/sys/fs/resctrl/parsec-rdt/mon_data/mon_L3_00/llc_occupancy,2022-08-21 18:42:20,4915200
/sys/fs/resctrl/memcached-server-rdt/mon_data/mon_L3_00/llc_occupancy,2022-08-21 18:42:23,2334720
/sys/fs/resctrl/parsec-rdt/mon_data/mon_L3_00/llc_occupancy,2022-08-21 18:42:23,4300800
/sys/fs/resctrl/memcached-server-rdt/mon_data/mon_L3_00/llc_occupancy,2022-08-21 18:42:26,2048000
/sys/fs/resctrl/parsec-rdt/mon_data/mon_L3_00/llc_occupancy,2022-08-21 18:42:26,4792320
/sys/fs/resctrl/memcached-server-rdt/mon_data/mon_L3_00/llc_occupancy,2022-08-21 18:42:29,2375680
/sys/fs/resctrl/parsec-rdt/mon_data/mon_L3_00/llc_occupancy,2022-08-21 18:42:29,5693440
/sys/fs/resctrl/memcached-server-rdt/mon_data/mon_L3_00/llc_occupancy,2022-08-21 18:42:32,1269760
/sys/fs/resctrl/parsec-rdt/mon_data/mon_L3_00/llc_occupancy,2022-08-21 18:42:32,6758400
/sys/fs/resctrl/memcached-server-rdt/mon_data/mon_L3_00/llc_occupancy,2022-08-21 18:42:35,1638400
/sys/fs/resctrl/parsec-rdt/mon_data/mon_L3_00/llc_occupancy,2022-08-21 18:42:35,5980160
/sys/fs/resctrl/memcached-server-rdt/mon_data/mon_L3_00/llc_occupancy,2022-08-21 18:42:38,1024000
/sys/fs/resctrl/parsec-rdt/mon_data/mon_L3_00/llc_occupancy,2022-08-21 18:42:38,6676480
/sys/fs/resctrl/memcached-server-rdt/mon_data/mon_L3_00/llc_occupancy,2022-08-21 18:42:41,983040
/sys/fs/resctrl/parsec-rdt/mon_data/mon_L3_00/llc_occupancy,2022-08-21 18:42:41,2539520
/sys/fs/resctrl/memcached-server-rdt/mon_data/mon_L3_00/llc_occupancy,2022-08-21 18:42:44,1269760
/sys/fs/resctrl/parsec-rdt/mon_data/mon_L3_00/llc_occupancy,2022-08-21 18:42:44,6594560
/sys/fs/resctrl/memcached-server-rdt/mon_data/mon_L3_00/llc_occupancy,2022-08-21 18:42:47,81920
/sys/fs/resctrl/parsec-rdt/mon_data/mon_L3_00/llc_occupancy,2022-08-21 18:42:47,7905280
/sys/fs/resctrl/memcached-server-rdt/mon_data/mon_L3_00/llc_occupancy,2022-08-21 18:42:50,0
/sys/fs/resctrl/parsec-rdt/mon_data/mon_L3_00/llc_occupancy,2022-08-21 18:42:50,7864320
/sys/fs/resctrl/memcached-server-rdt/mon_data/mon_L3_00/llc_occupancy,2022-08-21 18:42:53,0
/sys/fs/resctrl/parsec-rdt/mon_data/mon_L3_00/llc_occupancy,2022-08-21 18:42:53,7864320
/sys/fs/resctrl/memcached-server-rdt/mon_data/mon_L3_00/llc_occupancy,2022-08-21 18:42:56,3850240
/sys/fs/resctrl/parsec-rdt/mon_data/mon_L3_00/llc_occupancy,2022-08-21 18:42:56,2539520
/sys/fs/resctrl/memcached-server-rdt/mon_data/mon_L3_00/llc_occupancy,2022-08-21 18:42:59,1720320
/sys/fs/resctrl/parsec-rdt/mon_data/mon_L3_00/llc_occupancy,2022-08-21 18:42:59,4341760
/sys/fs/resctrl/memcached-server-rdt/mon_data/mon_L3_00/llc_occupancy,2022-08-21 18:43:02,1433600
/sys/fs/resctrl/parsec-rdt/mon_data/mon_L3_00/llc_occupancy,2022-08-21 18:43:02,5611520
/sys/fs/resctrl/memcached-server-rdt/mon_data/mon_L3_00/llc_occupancy,2022-08-21 18:43:05,983040
/sys/fs/resctrl/parsec-rdt/mon_data/mon_L3_00/llc_occupancy,2022-08-21 18:43:06,6553600
/sys/fs/resctrl/memcached-server-rdt/mon_data/mon_L3_00/llc_occupancy,2022-08-21 18:43:09,4177920
/sys/fs/resctrl/parsec-rdt/mon_data/mon_L3_00/llc_occupancy,2022-08-21 18:43:09,6348800
/sys/fs/resctrl/memcached-server-rdt/mon_data/mon_L3_00/llc_occupancy,2022-08-21 18:43:12,4177920
/sys/fs/resctrl/parsec-rdt/mon_data/mon_L3_00/llc_occupancy,2022-08-21 18:43:12,6512640
/sys/fs/resctrl/memcached-server-rdt/mon_data/mon_L3_00/llc_occupancy,2022-08-21 18:43:15,1761280
/sys/fs/resctrl/parsec-rdt/mon_data/mon_L3_00/llc_occupancy,2022-08-21 18:43:15,4997120
/sys/fs/resctrl/memcached-server-rdt/mon_data/mon_L3_00/llc_occupancy,2022-08-21 18:43:18,2129920
/sys/fs/resctrl/parsec-rdt/mon_data/mon_L3_00/llc_occupancy,2022-08-21 18:43:18,5693440
/sys/fs/resctrl/memcached-server-rdt/mon_data/mon_L3_00/llc_occupancy,2022-08-21 18:43:21,2744320
/sys/fs/resctrl/parsec-rdt/mon_data/mon_L3_00/llc_occupancy,2022-08-21 18:43:21,3317760
/sys/fs/resctrl/memcached-server-rdt/mon_data/mon_L3_00/llc_occupancy,2022-08-21 18:43:24,1720320
/sys/fs/resctrl/parsec-rdt/mon_data/mon_L3_00/llc_occupancy,2022-08-21 18:43:24,6758400
/sys/fs/resctrl/memcached-server-rdt/mon_data/mon_L3_00/llc_occupancy,2022-08-21 18:43:27,1064960
/sys/fs/resctrl/parsec-rdt/mon_data/mon_L3_00/llc_occupancy,2022-08-21 18:43:27,5406720
/sys/fs/resctrl/memcached-server-rdt/mon_data/mon_L3_00/llc_occupancy,2022-08-21 18:43:30,2457600
/sys/fs/resctrl/parsec-rdt/mon_data/mon_L3_00/llc_occupancy,2022-08-21 18:43:30,4997120
/sys/fs/resctrl/memcached-server-rdt/mon_data/mon_L3_00/llc_occupancy,2022-08-21 18:43:33,1146880
/sys/fs/resctrl/parsec-rdt/mon_data/mon_L3_00/llc_occupancy,2022-08-21 18:43:33,7331840
/sys/fs/resctrl/memcached-server-rdt/mon_data/mon_L3_00/llc_occupancy,2022-08-21 18:43:36,3235840
/sys/fs/resctrl/parsec-rdt/mon_data/mon_L3_00/llc_occupancy,2022-08-21 18:43:36,2007040
/sys/fs/resctrl/memcached-server-rdt/mon_data/mon_L3_00/llc_occupancy,2022-08-21 18:43:39,1310720
/sys/fs/resctrl/parsec-rdt/mon_data/mon_L3_00/llc_occupancy,2022-08-21 18:43:39,6512640
/sys/fs/resctrl/memcached-server-rdt/mon_data/mon_L3_00/llc_occupancy,2022-08-21 18:43:42,1515520
/sys/fs/resctrl/parsec-rdt/mon_data/mon_L3_00/llc_occupancy,2022-08-21 18:43:42,6225920
/sys/fs/resctrl/memcached-server-rdt/mon_data/mon_L3_00/llc_occupancy,2022-08-21 18:43:45,4259840
/sys/fs/resctrl/parsec-rdt/mon_data/mon_L3_00/llc_occupancy,2022-08-21 18:43:45,5120000
/sys/fs/resctrl/memcached-server-rdt/mon_data/mon_L3_00/llc_occupancy,2022-08-21 18:43:48,0
/sys/fs/resctrl/parsec-rdt/mon_data/mon_L3_00/llc_occupancy,2022-08-21 18:43:48,7946240
/sys/fs/resctrl/memcached-server-rdt/mon_data/mon_L3_00/llc_occupancy,2022-08-21 18:43:51,0
/sys/fs/resctrl/parsec-rdt/mon_data/mon_L3_00/llc_occupancy,2022-08-21 18:43:51,7946240
/sys/fs/resctrl/memcached-server-rdt/mon_data/mon_L3_00/llc_occupancy,2022-08-21 18:43:54,163840
/sys/fs/resctrl/parsec-rdt/mon_data/mon_L3_00/llc_occupancy,2022-08-21 18:43:54,7946240
/sys/fs/resctrl/memcached-server-rdt/mon_data/mon_L3_00/llc_occupancy,2022-08-21 18:43:57,3686400
/sys/fs/resctrl/parsec-rdt/mon_data/mon_L3_00/llc_occupancy,2022-08-21 18:43:57,6471680
/sys/fs/resctrl/memcached-server-rdt/mon_data/mon_L3_00/llc_occupancy,2022-08-21 18:44:00,1474560
/sys/fs/resctrl/parsec-rdt/mon_data/mon_L3_00/llc_occupancy,2022-08-21 18:44:00,6963200
/sys/fs/resctrl/memcached-server-rdt/mon_data/mon_L3_00/llc_occupancy,2022-08-21 18:44:03,860160
/sys/fs/resctrl/parsec-rdt/mon_data/mon_L3_00/llc_occupancy,2022-08-21 18:44:03,6512640
/sys/fs/resctrl/memcached-server-rdt/mon_data/mon_L3_00/llc_occupancy,2022-08-21 18:44:06,1064960
/sys/fs/resctrl/parsec-rdt/mon_data/mon_L3_00/llc_occupancy,2022-08-21 18:44:06,5447680
/sys/fs/resctrl/memcached-server-rdt/mon_data/mon_L3_00/llc_occupancy,2022-08-21 18:44:09,3031040
/sys/fs/resctrl/parsec-rdt/mon_data/mon_L3_00/llc_occupancy,2022-08-21 18:44:09,3645440
/sys/fs/resctrl/memcached-server-rdt/mon_data/mon_L3_00/llc_occupancy,2022-08-21 18:44:12,1310720
/sys/fs/resctrl/parsec-rdt/mon_data/mon_L3_00/llc_occupancy,2022-08-21 18:44:12,6348800
/sys/fs/resctrl/memcached-server-rdt/mon_data/mon_L3_00/llc_occupancy,2022-08-21 18:44:15,1474560
/sys/fs/resctrl/parsec-rdt/mon_data/mon_L3_00/llc_occupancy,2022-08-21 18:44:15,6963200
/sys/fs/resctrl/memcached-server-rdt/mon_data/mon_L3_00/llc_occupancy,2022-08-21 18:44:18,1884160
/sys/fs/resctrl/parsec-rdt/mon_data/mon_L3_00/llc_occupancy,2022-08-21 18:44:18,2826240
/sys/fs/resctrl/memcached-server-rdt/mon_data/mon_L3_00/llc_occupancy,2022-08-21 18:44:21,1843200
/sys/fs/resctrl/parsec-rdt/mon_data/mon_L3_00/llc_occupancy,2022-08-21 18:44:21,4874240
/sys/fs/resctrl/memcached-server-rdt/mon_data/mon_L3_00/llc_occupancy,2022-08-21 18:44:24,1679360
/sys/fs/resctrl/parsec-rdt/mon_data/mon_L3_00/llc_occupancy,2022-08-21 18:44:24,5488640
/sys/fs/resctrl/memcached-server-rdt/mon_data/mon_L3_00/llc_occupancy,2022-08-21 18:44:27,1392640
/sys/fs/resctrl/parsec-rdt/mon_data/mon_L3_00/llc_occupancy,2022-08-21 18:44:27,5611520
/sys/fs/resctrl/memcached-server-rdt/mon_data/mon_L3_00/llc_occupancy,2022-08-21 18:44:30,1802240
/sys/fs/resctrl/parsec-rdt/mon_data/mon_L3_00/llc_occupancy,2022-08-21 18:44:30,5734400
/sys/fs/resctrl/memcached-server-rdt/mon_data/mon_L3_00/llc_occupancy,2022-08-21 18:44:33,1269760
/sys/fs/resctrl/parsec-rdt/mon_data/mon_L3_00/llc_occupancy,2022-08-21 18:44:33,5160960
/sys/fs/resctrl/memcached-server-rdt/mon_data/mon_L3_00/llc_occupancy,2022-08-21 18:44:36,1433600
/sys/fs/resctrl/parsec-rdt/mon_data/mon_L3_00/llc_occupancy,2022-08-21 18:44:36,6758400
/sys/fs/resctrl/memcached-server-rdt/mon_data/mon_L3_00/llc_occupancy,2022-08-21 18:44:39,6676480
/sys/fs/resctrl/parsec-rdt/mon_data/mon_L3_00/llc_occupancy,2022-08-21 18:44:39,163840
/sys/fs/resctrl/memcached-server-rdt/mon_data/mon_L3_00/llc_occupancy,2022-08-21 18:44:42,6881280
/sys/fs/resctrl/parsec-rdt/mon_data/mon_L3_00/llc_occupancy,2022-08-21 18:44:42,40960
/sys/fs/resctrl/memcached-server-rdt/mon_data/mon_L3_00/llc_occupancy,2022-08-21 18:44:45,5447680
/sys/fs/resctrl/parsec-rdt/mon_data/mon_L3_00/llc_occupancy,2022-08-21 18:44:45,0
/sys/fs/resctrl/memcached-server-rdt/mon_data/mon_L3_00/llc_occupancy,2022-08-21 18:44:48,81920
/sys/fs/resctrl/parsec-rdt/mon_data/mon_L3_00/llc_occupancy,2022-08-21 18:44:48,0
/sys/fs/resctrl/memcached-server-rdt/mon_data/mon_L3_00/llc_occupancy,2022-08-21 18:44:51,0
/sys/fs/resctrl/parsec-rdt/mon_data/mon_L3_00/llc_occupancy,2022-08-21 18:44:51,0
/sys/fs/resctrl/memcached-server-rdt/mon_data/mon_L3_00/llc_occupancy,2022-08-21 18:44:54,4096000
/sys/fs/resctrl/parsec-rdt/mon_data/mon_L3_00/llc_occupancy,2022-08-21 18:44:54,0
/sys/fs/resctrl/memcached-server-rdt/mon_data/mon_L3_00/llc_occupancy,2022-08-21 18:44:57,6512640
/sys/fs/resctrl/parsec-rdt/mon_data/mon_L3_00/llc_occupancy,2022-08-21 18:44:57,0
/sys/fs/resctrl/memcached-server-rdt/mon_data/mon_L3_00/llc_occupancy,2022-08-21 18:45:00,6676480
/sys/fs/resctrl/parsec-rdt/mon_data/mon_L3_00/llc_occupancy,2022-08-21 18:45:00,0
/sys/fs/resctrl/memcached-server-rdt/mon_data/mon_L3_00/llc_occupancy,2022-08-21 18:45:03,6471680
/sys/fs/resctrl/parsec-rdt/mon_data/mon_L3_00/llc_occupancy,2022-08-21 18:45:03,0
/sys/fs/resctrl/memcached-server-rdt/mon_data/mon_L3_00/llc_occupancy,2022-08-21 18:45:06,5365760
/sys/fs/resctrl/parsec-rdt/mon_data/mon_L3_00/llc_occupancy,2022-08-21 18:45:06,0
/sys/fs/resctrl/memcached-server-rdt/mon_data/mon_L3_00/llc_occupancy,2022-08-21 18:45:09,6144000
/sys/fs/resctrl/parsec-rdt/mon_data/mon_L3_00/llc_occupancy,2022-08-21 18:45:09,0
/sys/fs/resctrl/memcached-server-rdt/mon_data/mon_L3_00/llc_occupancy,2022-08-21 18:45:12,4259840
/sys/fs/resctrl/parsec-rdt/mon_data/mon_L3_00/llc_occupancy,2022-08-21 18:45:12,0
/sys/fs/resctrl/memcached-server-rdt/mon_data/mon_L3_00/llc_occupancy,2022-08-21 18:45:15,2785280
/sys/fs/resctrl/parsec-rdt/mon_data/mon_L3_00/llc_occupancy,2022-08-21 18:45:15,0
/sys/fs/resctrl/memcached-server-rdt/mon_data/mon_L3_00/llc_occupancy,2022-08-21 18:45:18,2170880
/sys/fs/resctrl/parsec-rdt/mon_data/mon_L3_00/llc_occupancy,2022-08-21 18:45:18,0
/sys/fs/resctrl/memcached-server-rdt/mon_data/mon_L3_00/llc_occupancy,2022-08-21 18:45:21,1597440
/sys/fs/resctrl/parsec-rdt/mon_data/mon_L3_00/llc_occupancy,2022-08-21 18:45:21,0
/sys/fs/resctrl/memcached-server-rdt/mon_data/mon_L3_00/llc_occupancy,2022-08-21 18:45:24,1597440
/sys/fs/resctrl/parsec-rdt/mon_data/mon_L3_00/llc_occupancy,2022-08-21 18:45:24,0
/sys/fs/resctrl/memcached-server-rdt/mon_data/mon_L3_00/llc_occupancy,2022-08-21 18:45:27,2621440
/sys/fs/resctrl/parsec-rdt/mon_data/mon_L3_00/llc_occupancy,2022-08-21 18:45:27,0
/sys/fs/resctrl/memcached-server-rdt/mon_data/mon_L3_00/llc_occupancy,2022-08-21 18:45:30,2908160
/sys/fs/resctrl/parsec-rdt/mon_data/mon_L3_00/llc_occupancy,2022-08-21 18:45:30,0
/sys/fs/resctrl/memcached-server-rdt/mon_data/mon_L3_00/llc_occupancy,2022-08-21 18:45:33,4177920
/sys/fs/resctrl/memcached-server-rdt/mon_data/mon_L3_00/llc_occupancy,2022-08-21 18:45:36,3768320
