/sys/fs/resctrl/memcached-server-rdt/mon_data/mon_L3_00/llc_occupancy,Fri Aug 19 13:50:14 UTC 2022,40960
/sys/fs/resctrl/memcached-server-rdt/mon_data/mon_L3_00/llc_occupancy,Fri Aug 19 13:50:17 UTC 2022,40960
/sys/fs/resctrl/memcached-server-rdt/mon_data/mon_L3_00/llc_occupancy,Fri Aug 19 13:50:20 UTC 2022,6348800
/sys/fs/resctrl/memcached-server-rdt/mon_data/mon_L3_00/llc_occupancy,Fri Aug 19 13:50:23 UTC 2022,4833280
/sys/fs/resctrl/memcached-server-rdt/mon_data/mon_L3_00/llc_occupancy,Fri Aug 19 13:50:26 UTC 2022,4382720
/sys/fs/resctrl/memcached-server-rdt/mon_data/mon_L3_00/llc_occupancy,Fri Aug 19 13:50:30 UTC 2022,5160960
/sys/fs/resctrl/memcached-server-rdt/mon_data/mon_L3_00/llc_occupancy,Fri Aug 19 13:50:33 UTC 2022,5242880
/sys/fs/resctrl/memcached-server-rdt/mon_data/mon_L3_00/llc_occupancy,Fri Aug 19 13:50:36 UTC 2022,5120000
/sys/fs/resctrl/memcached-server-rdt/mon_data/mon_L3_00/llc_occupancy,Fri Aug 19 13:50:39 UTC 2022,4055040
/sys/fs/resctrl/memcached-server-rdt/mon_data/mon_L3_00/llc_occupancy,Fri Aug 19 13:50:42 UTC 2022,4792320
/sys/fs/resctrl/memcached-server-rdt/mon_data/mon_L3_00/llc_occupancy,Fri Aug 19 13:50:45 UTC 2022,4423680
/sys/fs/resctrl/memcached-server-rdt/mon_data/mon_L3_00/llc_occupancy,Fri Aug 19 13:50:48 UTC 2022,5038080
/sys/fs/resctrl/memcached-server-rdt/mon_data/mon_L3_00/llc_occupancy,Fri Aug 19 13:50:51 UTC 2022,4915200
/sys/fs/resctrl/memcached-server-rdt/mon_data/mon_L3_00/llc_occupancy,Fri Aug 19 13:50:54 UTC 2022,4587520
/sys/fs/resctrl/memcached-server-rdt/mon_data/mon_L3_00/llc_occupancy,Fri Aug 19 13:50:57 UTC 2022,4259840
/sys/fs/resctrl/memcached-server-rdt/mon_data/mon_L3_00/llc_occupancy,Fri Aug 19 13:51:00 UTC 2022,5120000
/sys/fs/resctrl/memcached-server-rdt/mon_data/mon_L3_00/llc_occupancy,Fri Aug 19 13:51:03 UTC 2022,4956160
/sys/fs/resctrl/memcached-server-rdt/mon_data/mon_L3_00/llc_occupancy,Fri Aug 19 13:51:06 UTC 2022,4669440
/sys/fs/resctrl/memcached-server-rdt/mon_data/mon_L3_00/llc_occupancy,Fri Aug 19 13:51:09 UTC 2022,5980160
/sys/fs/resctrl/memcached-server-rdt/mon_data/mon_L3_00/llc_occupancy,Fri Aug 19 13:51:12 UTC 2022,40960
/sys/fs/resctrl/memcached-server-rdt/mon_data/mon_L3_00/llc_occupancy,Fri Aug 19 13:51:15 UTC 2022,40960
/sys/fs/resctrl/memcached-server-rdt/mon_data/mon_L3_00/llc_occupancy,Fri Aug 19 13:51:18 UTC 2022,40960
/sys/fs/resctrl/memcached-server-rdt/mon_data/mon_L3_00/llc_occupancy,Fri Aug 19 13:51:21 UTC 2022,6348800
/sys/fs/resctrl/memcached-server-rdt/mon_data/mon_L3_00/llc_occupancy,Fri Aug 19 13:51:24 UTC 2022,5980160
/sys/fs/resctrl/memcached-server-rdt/mon_data/mon_L3_00/llc_occupancy,Fri Aug 19 13:51:27 UTC 2022,6144000
/sys/fs/resctrl/memcached-server-rdt/mon_data/mon_L3_00/llc_occupancy,Fri Aug 19 13:51:30 UTC 2022,4464640
/sys/fs/resctrl/memcached-server-rdt/mon_data/mon_L3_00/llc_occupancy,Fri Aug 19 13:51:33 UTC 2022,6307840
/sys/fs/resctrl/memcached-server-rdt/mon_data/mon_L3_00/llc_occupancy,Fri Aug 19 13:51:36 UTC 2022,6594560
/sys/fs/resctrl/memcached-server-rdt/mon_data/mon_L3_00/llc_occupancy,Fri Aug 19 13:51:39 UTC 2022,5242880
/sys/fs/resctrl/memcached-server-rdt/mon_data/mon_L3_00/llc_occupancy,Fri Aug 19 13:51:42 UTC 2022,6225920
/sys/fs/resctrl/memcached-server-rdt/mon_data/mon_L3_00/llc_occupancy,Fri Aug 19 13:51:45 UTC 2022,3645440
/sys/fs/resctrl/memcached-server-rdt/mon_data/mon_L3_00/llc_occupancy,Fri Aug 19 13:51:48 UTC 2022,6594560
/sys/fs/resctrl/memcached-server-rdt/mon_data/mon_L3_00/llc_occupancy,Fri Aug 19 13:51:51 UTC 2022,6430720
/sys/fs/resctrl/memcached-server-rdt/mon_data/mon_L3_00/llc_occupancy,Fri Aug 19 13:51:54 UTC 2022,6021120
/sys/fs/resctrl/memcached-server-rdt/mon_data/mon_L3_00/llc_occupancy,Fri Aug 19 13:51:57 UTC 2022,5980160
/sys/fs/resctrl/memcached-server-rdt/mon_data/mon_L3_00/llc_occupancy,Fri Aug 19 13:52:00 UTC 2022,4833280
/sys/fs/resctrl/memcached-server-rdt/mon_data/mon_L3_00/llc_occupancy,Fri Aug 19 13:52:03 UTC 2022,6103040
/sys/fs/resctrl/memcached-server-rdt/mon_data/mon_L3_00/llc_occupancy,Fri Aug 19 13:52:06 UTC 2022,7004160
/sys/fs/resctrl/memcached-server-rdt/mon_data/mon_L3_00/llc_occupancy,Fri Aug 19 13:52:09 UTC 2022,6840320
/sys/fs/resctrl/memcached-server-rdt/mon_data/mon_L3_00/llc_occupancy,Fri Aug 19 13:52:12 UTC 2022,40960
/sys/fs/resctrl/memcached-server-rdt/mon_data/mon_L3_00/llc_occupancy,Fri Aug 19 13:52:15 UTC 2022,0
/sys/fs/resctrl/memcached-server-rdt/mon_data/mon_L3_00/llc_occupancy,Fri Aug 19 13:52:18 UTC 2022,0
/sys/fs/resctrl/memcached-server-rdt/mon_data/mon_L3_00/llc_occupancy,Fri Aug 19 13:52:21 UTC 2022,6062080
/sys/fs/resctrl/memcached-server-rdt/mon_data/mon_L3_00/llc_occupancy,Fri Aug 19 13:52:24 UTC 2022,5693440
/sys/fs/resctrl/memcached-server-rdt/mon_data/mon_L3_00/llc_occupancy,Fri Aug 19 13:52:27 UTC 2022,5406720
/sys/fs/resctrl/memcached-server-rdt/mon_data/mon_L3_00/llc_occupancy,Fri Aug 19 13:52:30 UTC 2022,6594560
/sys/fs/resctrl/memcached-server-rdt/mon_data/mon_L3_00/llc_occupancy,Fri Aug 19 13:52:33 UTC 2022,5980160
/sys/fs/resctrl/memcached-server-rdt/mon_data/mon_L3_00/llc_occupancy,Fri Aug 19 13:52:36 UTC 2022,5816320
/sys/fs/resctrl/memcached-server-rdt/mon_data/mon_L3_00/llc_occupancy,Fri Aug 19 13:52:39 UTC 2022,6266880
/sys/fs/resctrl/memcached-server-rdt/mon_data/mon_L3_00/llc_occupancy,Fri Aug 19 13:52:42 UTC 2022,6430720
/sys/fs/resctrl/memcached-server-rdt/mon_data/mon_L3_00/llc_occupancy,Fri Aug 19 13:52:45 UTC 2022,5242880
/sys/fs/resctrl/memcached-server-rdt/mon_data/mon_L3_00/llc_occupancy,Fri Aug 19 13:52:48 UTC 2022,5980160
/sys/fs/resctrl/memcached-server-rdt/mon_data/mon_L3_00/llc_occupancy,Fri Aug 19 13:52:51 UTC 2022,6389760
/sys/fs/resctrl/memcached-server-rdt/mon_data/mon_L3_00/llc_occupancy,Fri Aug 19 13:52:54 UTC 2022,6348800
/sys/fs/resctrl/memcached-server-rdt/mon_data/mon_L3_00/llc_occupancy,Fri Aug 19 13:52:57 UTC 2022,6676480
/sys/fs/resctrl/memcached-server-rdt/mon_data/mon_L3_00/llc_occupancy,Fri Aug 19 13:53:00 UTC 2022,5120000
/sys/fs/resctrl/memcached-server-rdt/mon_data/mon_L3_00/llc_occupancy,Fri Aug 19 13:53:03 UTC 2022,6799360
/sys/fs/resctrl/memcached-server-rdt/mon_data/mon_L3_00/llc_occupancy,Fri Aug 19 13:53:06 UTC 2022,6389760
/sys/fs/resctrl/memcached-server-rdt/mon_data/mon_L3_00/llc_occupancy,Fri Aug 19 13:53:09 UTC 2022,6881280
/sys/fs/resctrl/parsec-rdt/mon_data/mon_L3_00/llc_occupancy,Fri Aug 19 13:53:09 UTC 2022,0
/sys/fs/resctrl/memcached-server-rdt/mon_data/mon_L3_00/llc_occupancy,Fri Aug 19 13:53:12 UTC 2022,0
/sys/fs/resctrl/parsec-rdt/mon_data/mon_L3_00/llc_occupancy,Fri Aug 19 13:53:12 UTC 2022,0
/sys/fs/resctrl/memcached-server-rdt/mon_data/mon_L3_00/llc_occupancy,Fri Aug 19 13:53:15 UTC 2022,0
/sys/fs/resctrl/parsec-rdt/mon_data/mon_L3_00/llc_occupancy,Fri Aug 19 13:53:15 UTC 2022,0
/sys/fs/resctrl/memcached-server-rdt/mon_data/mon_L3_00/llc_occupancy,Fri Aug 19 13:53:18 UTC 2022,0
/sys/fs/resctrl/parsec-rdt/mon_data/mon_L3_00/llc_occupancy,Fri Aug 19 13:53:18 UTC 2022,0
/sys/fs/resctrl/memcached-server-rdt/mon_data/mon_L3_00/llc_occupancy,Fri Aug 19 13:53:21 UTC 2022,5406720
/sys/fs/resctrl/parsec-rdt/mon_data/mon_L3_00/llc_occupancy,Fri Aug 19 13:53:21 UTC 2022,0
/sys/fs/resctrl/memcached-server-rdt/mon_data/mon_L3_00/llc_occupancy,Fri Aug 19 13:53:24 UTC 2022,4915200
/sys/fs/resctrl/parsec-rdt/mon_data/mon_L3_00/llc_occupancy,Fri Aug 19 13:53:24 UTC 2022,0
/sys/fs/resctrl/memcached-server-rdt/mon_data/mon_L3_00/llc_occupancy,Fri Aug 19 13:53:27 UTC 2022,4751360
/sys/fs/resctrl/parsec-rdt/mon_data/mon_L3_00/llc_occupancy,Fri Aug 19 13:53:27 UTC 2022,0
/sys/fs/resctrl/memcached-server-rdt/mon_data/mon_L3_00/llc_occupancy,Fri Aug 19 13:53:30 UTC 2022,4177920
/sys/fs/resctrl/parsec-rdt/mon_data/mon_L3_00/llc_occupancy,Fri Aug 19 13:53:30 UTC 2022,0
/sys/fs/resctrl/memcached-server-rdt/mon_data/mon_L3_00/llc_occupancy,Fri Aug 19 13:53:33 UTC 2022,4587520
/sys/fs/resctrl/parsec-rdt/mon_data/mon_L3_00/llc_occupancy,Fri Aug 19 13:53:33 UTC 2022,0
/sys/fs/resctrl/memcached-server-rdt/mon_data/mon_L3_00/llc_occupancy,Fri Aug 19 13:53:36 UTC 2022,5488640
/sys/fs/resctrl/parsec-rdt/mon_data/mon_L3_00/llc_occupancy,Fri Aug 19 13:53:36 UTC 2022,0
/sys/fs/resctrl/memcached-server-rdt/mon_data/mon_L3_00/llc_occupancy,Fri Aug 19 13:53:39 UTC 2022,5160960
/sys/fs/resctrl/parsec-rdt/mon_data/mon_L3_00/llc_occupancy,Fri Aug 19 13:53:39 UTC 2022,0
/sys/fs/resctrl/memcached-server-rdt/mon_data/mon_L3_00/llc_occupancy,Fri Aug 19 13:53:42 UTC 2022,4710400
/sys/fs/resctrl/parsec-rdt/mon_data/mon_L3_00/llc_occupancy,Fri Aug 19 13:53:42 UTC 2022,0
/sys/fs/resctrl/memcached-server-rdt/mon_data/mon_L3_00/llc_occupancy,Fri Aug 19 13:53:45 UTC 2022,4792320
/sys/fs/resctrl/parsec-rdt/mon_data/mon_L3_00/llc_occupancy,Fri Aug 19 13:53:45 UTC 2022,0
/sys/fs/resctrl/memcached-server-rdt/mon_data/mon_L3_00/llc_occupancy,Fri Aug 19 13:53:48 UTC 2022,4751360
/sys/fs/resctrl/parsec-rdt/mon_data/mon_L3_00/llc_occupancy,Fri Aug 19 13:53:48 UTC 2022,0
/sys/fs/resctrl/memcached-server-rdt/mon_data/mon_L3_00/llc_occupancy,Fri Aug 19 13:53:51 UTC 2022,4751360
/sys/fs/resctrl/parsec-rdt/mon_data/mon_L3_00/llc_occupancy,Fri Aug 19 13:53:51 UTC 2022,0
/sys/fs/resctrl/memcached-server-rdt/mon_data/mon_L3_00/llc_occupancy,Fri Aug 19 13:53:54 UTC 2022,4997120
/sys/fs/resctrl/parsec-rdt/mon_data/mon_L3_00/llc_occupancy,Fri Aug 19 13:53:54 UTC 2022,0
/sys/fs/resctrl/memcached-server-rdt/mon_data/mon_L3_00/llc_occupancy,Fri Aug 19 13:53:57 UTC 2022,4341760
/sys/fs/resctrl/parsec-rdt/mon_data/mon_L3_00/llc_occupancy,Fri Aug 19 13:53:57 UTC 2022,0
/sys/fs/resctrl/memcached-server-rdt/mon_data/mon_L3_00/llc_occupancy,Fri Aug 19 13:54:00 UTC 2022,4587520
/sys/fs/resctrl/parsec-rdt/mon_data/mon_L3_00/llc_occupancy,Fri Aug 19 13:54:00 UTC 2022,0
/sys/fs/resctrl/memcached-server-rdt/mon_data/mon_L3_00/llc_occupancy,Fri Aug 19 13:54:03 UTC 2022,3399680
/sys/fs/resctrl/parsec-rdt/mon_data/mon_L3_00/llc_occupancy,Fri Aug 19 13:54:03 UTC 2022,901120
/sys/fs/resctrl/memcached-server-rdt/mon_data/mon_L3_00/llc_occupancy,Fri Aug 19 13:54:06 UTC 2022,4874240
/sys/fs/resctrl/parsec-rdt/mon_data/mon_L3_00/llc_occupancy,Fri Aug 19 13:54:06 UTC 2022,122880
/sys/fs/resctrl/memcached-server-rdt/mon_data/mon_L3_00/llc_occupancy,Fri Aug 19 13:54:09 UTC 2022,5652480
/sys/fs/resctrl/parsec-rdt/mon_data/mon_L3_00/llc_occupancy,Fri Aug 19 13:54:09 UTC 2022,1597440
/sys/fs/resctrl/memcached-server-rdt/mon_data/mon_L3_00/llc_occupancy,Fri Aug 19 13:54:12 UTC 2022,0
/sys/fs/resctrl/parsec-rdt/mon_data/mon_L3_00/llc_occupancy,Fri Aug 19 13:54:12 UTC 2022,7618560
/sys/fs/resctrl/memcached-server-rdt/mon_data/mon_L3_00/llc_occupancy,Fri Aug 19 13:54:15 UTC 2022,0
/sys/fs/resctrl/parsec-rdt/mon_data/mon_L3_00/llc_occupancy,Fri Aug 19 13:54:15 UTC 2022,7782400
/sys/fs/resctrl/memcached-server-rdt/mon_data/mon_L3_00/llc_occupancy,Fri Aug 19 13:54:18 UTC 2022,0
/sys/fs/resctrl/parsec-rdt/mon_data/mon_L3_00/llc_occupancy,Fri Aug 19 13:54:18 UTC 2022,6717440
/sys/fs/resctrl/memcached-server-rdt/mon_data/mon_L3_00/llc_occupancy,Fri Aug 19 13:54:21 UTC 2022,3317760
/sys/fs/resctrl/parsec-rdt/mon_data/mon_L3_00/llc_occupancy,Fri Aug 19 13:54:21 UTC 2022,4300800
/sys/fs/resctrl/memcached-server-rdt/mon_data/mon_L3_00/llc_occupancy,Fri Aug 19 13:54:24 UTC 2022,1146880
/sys/fs/resctrl/parsec-rdt/mon_data/mon_L3_00/llc_occupancy,Fri Aug 19 13:54:24 UTC 2022,7208960
/sys/fs/resctrl/memcached-server-rdt/mon_data/mon_L3_00/llc_occupancy,Fri Aug 19 13:54:27 UTC 2022,614400
/sys/fs/resctrl/parsec-rdt/mon_data/mon_L3_00/llc_occupancy,Fri Aug 19 13:54:27 UTC 2022,5652480
/sys/fs/resctrl/memcached-server-rdt/mon_data/mon_L3_00/llc_occupancy,Fri Aug 19 13:54:30 UTC 2022,2662400
/sys/fs/resctrl/parsec-rdt/mon_data/mon_L3_00/llc_occupancy,Fri Aug 19 13:54:30 UTC 2022,4710400
/sys/fs/resctrl/memcached-server-rdt/mon_data/mon_L3_00/llc_occupancy,Fri Aug 19 13:54:33 UTC 2022,6307840
/sys/fs/resctrl/parsec-rdt/mon_data/mon_L3_00/llc_occupancy,Fri Aug 19 13:54:33 UTC 2022,1187840
/sys/fs/resctrl/memcached-server-rdt/mon_data/mon_L3_00/llc_occupancy,Fri Aug 19 13:54:36 UTC 2022,6471680
/sys/fs/resctrl/parsec-rdt/mon_data/mon_L3_00/llc_occupancy,Fri Aug 19 13:54:36 UTC 2022,819200
/sys/fs/resctrl/memcached-server-rdt/mon_data/mon_L3_00/llc_occupancy,Fri Aug 19 13:54:39 UTC 2022,614400
/sys/fs/resctrl/parsec-rdt/mon_data/mon_L3_00/llc_occupancy,Fri Aug 19 13:54:39 UTC 2022,6758400
/sys/fs/resctrl/memcached-server-rdt/mon_data/mon_L3_00/llc_occupancy,Fri Aug 19 13:54:42 UTC 2022,1024000
/sys/fs/resctrl/parsec-rdt/mon_data/mon_L3_00/llc_occupancy,Fri Aug 19 13:54:42 UTC 2022,7208960
/sys/fs/resctrl/memcached-server-rdt/mon_data/mon_L3_00/llc_occupancy,Fri Aug 19 13:54:45 UTC 2022,3686400
/sys/fs/resctrl/parsec-rdt/mon_data/mon_L3_00/llc_occupancy,Fri Aug 19 13:54:45 UTC 2022,4259840
/sys/fs/resctrl/memcached-server-rdt/mon_data/mon_L3_00/llc_occupancy,Fri Aug 19 13:54:48 UTC 2022,4587520
/sys/fs/resctrl/parsec-rdt/mon_data/mon_L3_00/llc_occupancy,Fri Aug 19 13:54:48 UTC 2022,5365760
/sys/fs/resctrl/memcached-server-rdt/mon_data/mon_L3_00/llc_occupancy,Fri Aug 19 13:54:51 UTC 2022,5242880
/sys/fs/resctrl/parsec-rdt/mon_data/mon_L3_00/llc_occupancy,Fri Aug 19 13:54:51 UTC 2022,1884160
/sys/fs/resctrl/memcached-server-rdt/mon_data/mon_L3_00/llc_occupancy,Fri Aug 19 13:54:54 UTC 2022,901120
/sys/fs/resctrl/parsec-rdt/mon_data/mon_L3_00/llc_occupancy,Fri Aug 19 13:54:54 UTC 2022,6635520
/sys/fs/resctrl/memcached-server-rdt/mon_data/mon_L3_00/llc_occupancy,Fri Aug 19 13:54:57 UTC 2022,655360
/sys/fs/resctrl/parsec-rdt/mon_data/mon_L3_00/llc_occupancy,Fri Aug 19 13:54:57 UTC 2022,6348800
/sys/fs/resctrl/memcached-server-rdt/mon_data/mon_L3_00/llc_occupancy,Fri Aug 19 13:55:00 UTC 2022,2129920
/sys/fs/resctrl/parsec-rdt/mon_data/mon_L3_00/llc_occupancy,Fri Aug 19 13:55:00 UTC 2022,5406720
/sys/fs/resctrl/memcached-server-rdt/mon_data/mon_L3_00/llc_occupancy,Fri Aug 19 13:55:03 UTC 2022,4382720
/sys/fs/resctrl/parsec-rdt/mon_data/mon_L3_00/llc_occupancy,Fri Aug 19 13:55:03 UTC 2022,1228800
/sys/fs/resctrl/memcached-server-rdt/mon_data/mon_L3_00/llc_occupancy,Fri Aug 19 13:55:06 UTC 2022,2211840
/sys/fs/resctrl/parsec-rdt/mon_data/mon_L3_00/llc_occupancy,Fri Aug 19 13:55:06 UTC 2022,4259840
/sys/fs/resctrl/memcached-server-rdt/mon_data/mon_L3_00/llc_occupancy,Fri Aug 19 13:55:09 UTC 2022,532480
/sys/fs/resctrl/parsec-rdt/mon_data/mon_L3_00/llc_occupancy,Fri Aug 19 13:55:09 UTC 2022,7372800
/sys/fs/resctrl/memcached-server-rdt/mon_data/mon_L3_00/llc_occupancy,Fri Aug 19 13:55:12 UTC 2022,0
/sys/fs/resctrl/parsec-rdt/mon_data/mon_L3_00/llc_occupancy,Fri Aug 19 13:55:12 UTC 2022,7823360
/sys/fs/resctrl/memcached-server-rdt/mon_data/mon_L3_00/llc_occupancy,Fri Aug 19 13:55:15 UTC 2022,0
/sys/fs/resctrl/parsec-rdt/mon_data/mon_L3_00/llc_occupancy,Fri Aug 19 13:55:15 UTC 2022,7864320
/sys/fs/resctrl/memcached-server-rdt/mon_data/mon_L3_00/llc_occupancy,Fri Aug 19 13:55:18 UTC 2022,0
/sys/fs/resctrl/parsec-rdt/mon_data/mon_L3_00/llc_occupancy,Fri Aug 19 13:55:18 UTC 2022,7864320
/sys/fs/resctrl/memcached-server-rdt/mon_data/mon_L3_00/llc_occupancy,Fri Aug 19 13:55:21 UTC 2022,942080
/sys/fs/resctrl/parsec-rdt/mon_data/mon_L3_00/llc_occupancy,Fri Aug 19 13:55:21 UTC 2022,7045120
/sys/fs/resctrl/memcached-server-rdt/mon_data/mon_L3_00/llc_occupancy,Fri Aug 19 13:55:24 UTC 2022,4136960
/sys/fs/resctrl/parsec-rdt/mon_data/mon_L3_00/llc_occupancy,Fri Aug 19 13:55:24 UTC 2022,3481600
/sys/fs/resctrl/memcached-server-rdt/mon_data/mon_L3_00/llc_occupancy,Fri Aug 19 13:55:27 UTC 2022,2457600
/sys/fs/resctrl/parsec-rdt/mon_data/mon_L3_00/llc_occupancy,Fri Aug 19 13:55:27 UTC 2022,2908160
/sys/fs/resctrl/memcached-server-rdt/mon_data/mon_L3_00/llc_occupancy,Fri Aug 19 13:55:30 UTC 2022,1228800
/sys/fs/resctrl/parsec-rdt/mon_data/mon_L3_00/llc_occupancy,Fri Aug 19 13:55:30 UTC 2022,6471680
/sys/fs/resctrl/memcached-server-rdt/mon_data/mon_L3_00/llc_occupancy,Fri Aug 19 13:55:33 UTC 2022,1024000
/sys/fs/resctrl/parsec-rdt/mon_data/mon_L3_00/llc_occupancy,Fri Aug 19 13:55:33 UTC 2022,6963200
/sys/fs/resctrl/memcached-server-rdt/mon_data/mon_L3_00/llc_occupancy,Fri Aug 19 13:55:36 UTC 2022,3891200
/sys/fs/resctrl/parsec-rdt/mon_data/mon_L3_00/llc_occupancy,Fri Aug 19 13:55:37 UTC 2022,2048000
/sys/fs/resctrl/memcached-server-rdt/mon_data/mon_L3_00/llc_occupancy,Fri Aug 19 13:55:40 UTC 2022,3440640
/sys/fs/resctrl/parsec-rdt/mon_data/mon_L3_00/llc_occupancy,Fri Aug 19 13:55:40 UTC 2022,3358720
/sys/fs/resctrl/memcached-server-rdt/mon_data/mon_L3_00/llc_occupancy,Fri Aug 19 13:55:43 UTC 2022,4915200
/sys/fs/resctrl/parsec-rdt/mon_data/mon_L3_00/llc_occupancy,Fri Aug 19 13:55:43 UTC 2022,2826240
/sys/fs/resctrl/memcached-server-rdt/mon_data/mon_L3_00/llc_occupancy,Fri Aug 19 13:55:46 UTC 2022,901120
/sys/fs/resctrl/parsec-rdt/mon_data/mon_L3_00/llc_occupancy,Fri Aug 19 13:55:46 UTC 2022,6062080
/sys/fs/resctrl/memcached-server-rdt/mon_data/mon_L3_00/llc_occupancy,Fri Aug 19 13:55:49 UTC 2022,1515520
/sys/fs/resctrl/parsec-rdt/mon_data/mon_L3_00/llc_occupancy,Fri Aug 19 13:55:49 UTC 2022,6553600
/sys/fs/resctrl/memcached-server-rdt/mon_data/mon_L3_00/llc_occupancy,Fri Aug 19 13:55:52 UTC 2022,3891200
/sys/fs/resctrl/parsec-rdt/mon_data/mon_L3_00/llc_occupancy,Fri Aug 19 13:55:52 UTC 2022,3522560
/sys/fs/resctrl/memcached-server-rdt/mon_data/mon_L3_00/llc_occupancy,Fri Aug 19 13:55:55 UTC 2022,5201920
/sys/fs/resctrl/parsec-rdt/mon_data/mon_L3_00/llc_occupancy,Fri Aug 19 13:55:55 UTC 2022,819200
/sys/fs/resctrl/memcached-server-rdt/mon_data/mon_L3_00/llc_occupancy,Fri Aug 19 13:55:58 UTC 2022,1146880
/sys/fs/resctrl/parsec-rdt/mon_data/mon_L3_00/llc_occupancy,Fri Aug 19 13:55:58 UTC 2022,6635520
/sys/fs/resctrl/memcached-server-rdt/mon_data/mon_L3_00/llc_occupancy,Fri Aug 19 13:56:01 UTC 2022,7168000
/sys/fs/resctrl/parsec-rdt/mon_data/mon_L3_00/llc_occupancy,Fri Aug 19 13:56:01 UTC 2022,0
/sys/fs/resctrl/memcached-server-rdt/mon_data/mon_L3_00/llc_occupancy,Fri Aug 19 13:56:04 UTC 2022,6471680
/sys/fs/resctrl/parsec-rdt/mon_data/mon_L3_00/llc_occupancy,Fri Aug 19 13:56:04 UTC 2022,0
/sys/fs/resctrl/memcached-server-rdt/mon_data/mon_L3_00/llc_occupancy,Fri Aug 19 13:56:07 UTC 2022,5980160
/sys/fs/resctrl/parsec-rdt/mon_data/mon_L3_00/llc_occupancy,Fri Aug 19 13:56:07 UTC 2022,0
/sys/fs/resctrl/memcached-server-rdt/mon_data/mon_L3_00/llc_occupancy,Fri Aug 19 13:56:10 UTC 2022,5980160
/sys/fs/resctrl/parsec-rdt/mon_data/mon_L3_00/llc_occupancy,Fri Aug 19 13:56:10 UTC 2022,0
/sys/fs/resctrl/memcached-server-rdt/mon_data/mon_L3_00/llc_occupancy,Fri Aug 19 13:56:13 UTC 2022,122880
/sys/fs/resctrl/parsec-rdt/mon_data/mon_L3_00/llc_occupancy,Fri Aug 19 13:56:13 UTC 2022,0
/sys/fs/resctrl/memcached-server-rdt/mon_data/mon_L3_00/llc_occupancy,Fri Aug 19 13:56:16 UTC 2022,0
/sys/fs/resctrl/parsec-rdt/mon_data/mon_L3_00/llc_occupancy,Fri Aug 19 13:56:16 UTC 2022,0
/sys/fs/resctrl/memcached-server-rdt/mon_data/mon_L3_00/llc_occupancy,Fri Aug 19 13:56:19 UTC 2022,0
/sys/fs/resctrl/parsec-rdt/mon_data/mon_L3_00/llc_occupancy,Fri Aug 19 13:56:19 UTC 2022,0
/sys/fs/resctrl/memcached-server-rdt/mon_data/mon_L3_00/llc_occupancy,Fri Aug 19 13:56:22 UTC 2022,6307840
/sys/fs/resctrl/parsec-rdt/mon_data/mon_L3_00/llc_occupancy,Fri Aug 19 13:56:22 UTC 2022,0
/sys/fs/resctrl/memcached-server-rdt/mon_data/mon_L3_00/llc_occupancy,Fri Aug 19 13:56:25 UTC 2022,4423680
/sys/fs/resctrl/parsec-rdt/mon_data/mon_L3_00/llc_occupancy,Fri Aug 19 13:56:25 UTC 2022,0
/sys/fs/resctrl/memcached-server-rdt/mon_data/mon_L3_00/llc_occupancy,Fri Aug 19 13:56:28 UTC 2022,4710400
/sys/fs/resctrl/parsec-rdt/mon_data/mon_L3_00/llc_occupancy,Fri Aug 19 13:56:28 UTC 2022,0
/sys/fs/resctrl/memcached-server-rdt/mon_data/mon_L3_00/llc_occupancy,Fri Aug 19 13:56:31 UTC 2022,4341760
/sys/fs/resctrl/parsec-rdt/mon_data/mon_L3_00/llc_occupancy,Fri Aug 19 13:56:31 UTC 2022,0
/sys/fs/resctrl/memcached-server-rdt/mon_data/mon_L3_00/llc_occupancy,Fri Aug 19 13:56:34 UTC 2022,4997120
/sys/fs/resctrl/parsec-rdt/mon_data/mon_L3_00/llc_occupancy,Fri Aug 19 13:56:34 UTC 2022,0
/sys/fs/resctrl/memcached-server-rdt/mon_data/mon_L3_00/llc_occupancy,Fri Aug 19 13:56:37 UTC 2022,5079040
/sys/fs/resctrl/parsec-rdt/mon_data/mon_L3_00/llc_occupancy,Fri Aug 19 13:56:37 UTC 2022,0
/sys/fs/resctrl/memcached-server-rdt/mon_data/mon_L3_00/llc_occupancy,Fri Aug 19 13:56:40 UTC 2022,5406720
/sys/fs/resctrl/parsec-rdt/mon_data/mon_L3_00/llc_occupancy,Fri Aug 19 13:56:40 UTC 2022,0
/sys/fs/resctrl/memcached-server-rdt/mon_data/mon_L3_00/llc_occupancy,Fri Aug 19 13:56:43 UTC 2022,4587520
/sys/fs/resctrl/parsec-rdt/mon_data/mon_L3_00/llc_occupancy,Fri Aug 19 13:56:43 UTC 2022,0
/sys/fs/resctrl/memcached-server-rdt/mon_data/mon_L3_00/llc_occupancy,Fri Aug 19 13:56:46 UTC 2022,4423680
/sys/fs/resctrl/parsec-rdt/mon_data/mon_L3_00/llc_occupancy,Fri Aug 19 13:56:46 UTC 2022,0
/sys/fs/resctrl/memcached-server-rdt/mon_data/mon_L3_00/llc_occupancy,Fri Aug 19 13:56:49 UTC 2022,4792320
/sys/fs/resctrl/parsec-rdt/mon_data/mon_L3_00/llc_occupancy,Fri Aug 19 13:56:49 UTC 2022,0
/sys/fs/resctrl/memcached-server-rdt/mon_data/mon_L3_00/llc_occupancy,Fri Aug 19 13:56:52 UTC 2022,4792320
/sys/fs/resctrl/parsec-rdt/mon_data/mon_L3_00/llc_occupancy,Fri Aug 19 13:56:52 UTC 2022,0
/sys/fs/resctrl/memcached-server-rdt/mon_data/mon_L3_00/llc_occupancy,Fri Aug 19 13:56:55 UTC 2022,5447680
/sys/fs/resctrl/parsec-rdt/mon_data/mon_L3_00/llc_occupancy,Fri Aug 19 13:56:55 UTC 2022,0
/sys/fs/resctrl/memcached-server-rdt/mon_data/mon_L3_00/llc_occupancy,Fri Aug 19 13:56:58 UTC 2022,4751360
/sys/fs/resctrl/parsec-rdt/mon_data/mon_L3_00/llc_occupancy,Fri Aug 19 13:56:58 UTC 2022,0
/sys/fs/resctrl/memcached-server-rdt/mon_data/mon_L3_00/llc_occupancy,Fri Aug 19 13:57:01 UTC 2022,3932160
/sys/fs/resctrl/parsec-rdt/mon_data/mon_L3_00/llc_occupancy,Fri Aug 19 13:57:01 UTC 2022,737280
/sys/fs/resctrl/memcached-server-rdt/mon_data/mon_L3_00/llc_occupancy,Fri Aug 19 13:57:04 UTC 2022,3932160
/sys/fs/resctrl/parsec-rdt/mon_data/mon_L3_00/llc_occupancy,Fri Aug 19 13:57:04 UTC 2022,1556480
/sys/fs/resctrl/memcached-server-rdt/mon_data/mon_L3_00/llc_occupancy,Fri Aug 19 13:57:07 UTC 2022,3399680
/sys/fs/resctrl/parsec-rdt/mon_data/mon_L3_00/llc_occupancy,Fri Aug 19 13:57:07 UTC 2022,4423680
/sys/fs/resctrl/memcached-server-rdt/mon_data/mon_L3_00/llc_occupancy,Fri Aug 19 13:57:10 UTC 2022,3358720
/sys/fs/resctrl/parsec-rdt/mon_data/mon_L3_00/llc_occupancy,Fri Aug 19 13:57:10 UTC 2022,3932160
/sys/fs/resctrl/memcached-server-rdt/mon_data/mon_L3_00/llc_occupancy,Fri Aug 19 13:57:13 UTC 2022,0
/sys/fs/resctrl/parsec-rdt/mon_data/mon_L3_00/llc_occupancy,Fri Aug 19 13:57:13 UTC 2022,7618560
/sys/fs/resctrl/memcached-server-rdt/mon_data/mon_L3_00/llc_occupancy,Fri Aug 19 13:57:16 UTC 2022,0
/sys/fs/resctrl/parsec-rdt/mon_data/mon_L3_00/llc_occupancy,Fri Aug 19 13:57:16 UTC 2022,7659520
/sys/fs/resctrl/memcached-server-rdt/mon_data/mon_L3_00/llc_occupancy,Fri Aug 19 13:57:19 UTC 2022,0
/sys/fs/resctrl/parsec-rdt/mon_data/mon_L3_00/llc_occupancy,Fri Aug 19 13:57:19 UTC 2022,7208960
/sys/fs/resctrl/memcached-server-rdt/mon_data/mon_L3_00/llc_occupancy,Fri Aug 19 13:57:22 UTC 2022,2908160
/sys/fs/resctrl/parsec-rdt/mon_data/mon_L3_00/llc_occupancy,Fri Aug 19 13:57:22 UTC 2022,4710400
/sys/fs/resctrl/memcached-server-rdt/mon_data/mon_L3_00/llc_occupancy,Fri Aug 19 13:57:25 UTC 2022,2621440
/sys/fs/resctrl/parsec-rdt/mon_data/mon_L3_00/llc_occupancy,Fri Aug 19 13:57:25 UTC 2022,5447680
/sys/fs/resctrl/memcached-server-rdt/mon_data/mon_L3_00/llc_occupancy,Fri Aug 19 13:57:28 UTC 2022,2170880
/sys/fs/resctrl/parsec-rdt/mon_data/mon_L3_00/llc_occupancy,Fri Aug 19 13:57:28 UTC 2022,5857280
/sys/fs/resctrl/memcached-server-rdt/mon_data/mon_L3_00/llc_occupancy,Fri Aug 19 13:57:31 UTC 2022,2621440
/sys/fs/resctrl/parsec-rdt/mon_data/mon_L3_00/llc_occupancy,Fri Aug 19 13:57:31 UTC 2022,4833280
/sys/fs/resctrl/memcached-server-rdt/mon_data/mon_L3_00/llc_occupancy,Fri Aug 19 13:57:34 UTC 2022,2129920
/sys/fs/resctrl/parsec-rdt/mon_data/mon_L3_00/llc_occupancy,Fri Aug 19 13:57:34 UTC 2022,5038080
/sys/fs/resctrl/memcached-server-rdt/mon_data/mon_L3_00/llc_occupancy,Fri Aug 19 13:57:37 UTC 2022,1884160
/sys/fs/resctrl/parsec-rdt/mon_data/mon_L3_00/llc_occupancy,Fri Aug 19 13:57:37 UTC 2022,5406720
/sys/fs/resctrl/memcached-server-rdt/mon_data/mon_L3_00/llc_occupancy,Fri Aug 19 13:57:40 UTC 2022,4546560
/sys/fs/resctrl/parsec-rdt/mon_data/mon_L3_00/llc_occupancy,Fri Aug 19 13:57:40 UTC 2022,1310720
/sys/fs/resctrl/memcached-server-rdt/mon_data/mon_L3_00/llc_occupancy,Fri Aug 19 13:57:43 UTC 2022,5160960
/sys/fs/resctrl/parsec-rdt/mon_data/mon_L3_00/llc_occupancy,Fri Aug 19 13:57:43 UTC 2022,1925120
/sys/fs/resctrl/memcached-server-rdt/mon_data/mon_L3_00/llc_occupancy,Fri Aug 19 13:57:46 UTC 2022,2703360
/sys/fs/resctrl/parsec-rdt/mon_data/mon_L3_00/llc_occupancy,Fri Aug 19 13:57:46 UTC 2022,5324800
/sys/fs/resctrl/memcached-server-rdt/mon_data/mon_L3_00/llc_occupancy,Fri Aug 19 13:57:49 UTC 2022,1597440
/sys/fs/resctrl/parsec-rdt/mon_data/mon_L3_00/llc_occupancy,Fri Aug 19 13:57:49 UTC 2022,4833280
/sys/fs/resctrl/memcached-server-rdt/mon_data/mon_L3_00/llc_occupancy,Fri Aug 19 13:57:52 UTC 2022,3563520
/sys/fs/resctrl/parsec-rdt/mon_data/mon_L3_00/llc_occupancy,Fri Aug 19 13:57:52 UTC 2022,4792320
/sys/fs/resctrl/memcached-server-rdt/mon_data/mon_L3_00/llc_occupancy,Fri Aug 19 13:57:55 UTC 2022,2990080
/sys/fs/resctrl/parsec-rdt/mon_data/mon_L3_00/llc_occupancy,Fri Aug 19 13:57:55 UTC 2022,5038080
/sys/fs/resctrl/memcached-server-rdt/mon_data/mon_L3_00/llc_occupancy,Fri Aug 19 13:57:58 UTC 2022,5365760
/sys/fs/resctrl/parsec-rdt/mon_data/mon_L3_00/llc_occupancy,Fri Aug 19 13:57:58 UTC 2022,1843200
/sys/fs/resctrl/memcached-server-rdt/mon_data/mon_L3_00/llc_occupancy,Fri Aug 19 13:58:01 UTC 2022,3235840
/sys/fs/resctrl/parsec-rdt/mon_data/mon_L3_00/llc_occupancy,Fri Aug 19 13:58:01 UTC 2022,4177920
/sys/fs/resctrl/memcached-server-rdt/mon_data/mon_L3_00/llc_occupancy,Fri Aug 19 13:58:04 UTC 2022,3440640
/sys/fs/resctrl/parsec-rdt/mon_data/mon_L3_00/llc_occupancy,Fri Aug 19 13:58:04 UTC 2022,4874240
/sys/fs/resctrl/memcached-server-rdt/mon_data/mon_L3_00/llc_occupancy,Fri Aug 19 13:58:07 UTC 2022,5324800
/sys/fs/resctrl/parsec-rdt/mon_data/mon_L3_00/llc_occupancy,Fri Aug 19 13:58:07 UTC 2022,1720320
/sys/fs/resctrl/memcached-server-rdt/mon_data/mon_L3_00/llc_occupancy,Fri Aug 19 13:58:10 UTC 2022,2293760
/sys/fs/resctrl/parsec-rdt/mon_data/mon_L3_00/llc_occupancy,Fri Aug 19 13:58:10 UTC 2022,5488640
/sys/fs/resctrl/memcached-server-rdt/mon_data/mon_L3_00/llc_occupancy,Fri Aug 19 13:58:13 UTC 2022,40960
/sys/fs/resctrl/parsec-rdt/mon_data/mon_L3_00/llc_occupancy,Fri Aug 19 13:58:13 UTC 2022,7864320
/sys/fs/resctrl/memcached-server-rdt/mon_data/mon_L3_00/llc_occupancy,Fri Aug 19 13:58:16 UTC 2022,40960
/sys/fs/resctrl/parsec-rdt/mon_data/mon_L3_00/llc_occupancy,Fri Aug 19 13:58:16 UTC 2022,7495680
/sys/fs/resctrl/memcached-server-rdt/mon_data/mon_L3_00/llc_occupancy,Fri Aug 19 13:58:19 UTC 2022,40960
/sys/fs/resctrl/parsec-rdt/mon_data/mon_L3_00/llc_occupancy,Fri Aug 19 13:58:19 UTC 2022,7536640
/sys/fs/resctrl/memcached-server-rdt/mon_data/mon_L3_00/llc_occupancy,Fri Aug 19 13:58:22 UTC 2022,1843200
/sys/fs/resctrl/parsec-rdt/mon_data/mon_L3_00/llc_occupancy,Fri Aug 19 13:58:22 UTC 2022,5079040
/sys/fs/resctrl/memcached-server-rdt/mon_data/mon_L3_00/llc_occupancy,Fri Aug 19 13:58:25 UTC 2022,5283840
/sys/fs/resctrl/parsec-rdt/mon_data/mon_L3_00/llc_occupancy,Fri Aug 19 13:58:25 UTC 2022,122880
/sys/fs/resctrl/memcached-server-rdt/mon_data/mon_L3_00/llc_occupancy,Fri Aug 19 13:58:28 UTC 2022,7086080
/sys/fs/resctrl/parsec-rdt/mon_data/mon_L3_00/llc_occupancy,Fri Aug 19 13:58:28 UTC 2022,81920
/sys/fs/resctrl/memcached-server-rdt/mon_data/mon_L3_00/llc_occupancy,Fri Aug 19 13:58:31 UTC 2022,5570560
/sys/fs/resctrl/parsec-rdt/mon_data/mon_L3_00/llc_occupancy,Fri Aug 19 13:58:31 UTC 2022,40960
/sys/fs/resctrl/memcached-server-rdt/mon_data/mon_L3_00/llc_occupancy,Fri Aug 19 13:58:34 UTC 2022,4792320
/sys/fs/resctrl/parsec-rdt/mon_data/mon_L3_00/llc_occupancy,Fri Aug 19 13:58:34 UTC 2022,40960
/sys/fs/resctrl/memcached-server-rdt/mon_data/mon_L3_00/llc_occupancy,Fri Aug 19 13:58:37 UTC 2022,5283840
/sys/fs/resctrl/parsec-rdt/mon_data/mon_L3_00/llc_occupancy,Fri Aug 19 13:58:37 UTC 2022,40960
/sys/fs/resctrl/memcached-server-rdt/mon_data/mon_L3_00/llc_occupancy,Fri Aug 19 13:58:40 UTC 2022,5079040
/sys/fs/resctrl/parsec-rdt/mon_data/mon_L3_00/llc_occupancy,Fri Aug 19 13:58:40 UTC 2022,40960
/sys/fs/resctrl/memcached-server-rdt/mon_data/mon_L3_00/llc_occupancy,Fri Aug 19 13:58:43 UTC 2022,4218880
/sys/fs/resctrl/parsec-rdt/mon_data/mon_L3_00/llc_occupancy,Fri Aug 19 13:58:43 UTC 2022,0
/sys/fs/resctrl/memcached-server-rdt/mon_data/mon_L3_00/llc_occupancy,Fri Aug 19 13:58:46 UTC 2022,4177920
/sys/fs/resctrl/parsec-rdt/mon_data/mon_L3_00/llc_occupancy,Fri Aug 19 13:58:46 UTC 2022,0
/sys/fs/resctrl/memcached-server-rdt/mon_data/mon_L3_00/llc_occupancy,Fri Aug 19 13:58:49 UTC 2022,5242880
/sys/fs/resctrl/parsec-rdt/mon_data/mon_L3_00/llc_occupancy,Fri Aug 19 13:58:49 UTC 2022,0
/sys/fs/resctrl/memcached-server-rdt/mon_data/mon_L3_00/llc_occupancy,Fri Aug 19 13:58:52 UTC 2022,4710400
/sys/fs/resctrl/parsec-rdt/mon_data/mon_L3_00/llc_occupancy,Fri Aug 19 13:58:52 UTC 2022,0
/sys/fs/resctrl/memcached-server-rdt/mon_data/mon_L3_00/llc_occupancy,Fri Aug 19 13:58:55 UTC 2022,5324800
/sys/fs/resctrl/parsec-rdt/mon_data/mon_L3_00/llc_occupancy,Fri Aug 19 13:58:55 UTC 2022,0
/sys/fs/resctrl/memcached-server-rdt/mon_data/mon_L3_00/llc_occupancy,Fri Aug 19 13:58:58 UTC 2022,4587520
/sys/fs/resctrl/parsec-rdt/mon_data/mon_L3_00/llc_occupancy,Fri Aug 19 13:58:58 UTC 2022,0
/sys/fs/resctrl/memcached-server-rdt/mon_data/mon_L3_00/llc_occupancy,Fri Aug 19 13:59:01 UTC 2022,4587520
/sys/fs/resctrl/parsec-rdt/mon_data/mon_L3_00/llc_occupancy,Fri Aug 19 13:59:01 UTC 2022,0
/sys/fs/resctrl/memcached-server-rdt/mon_data/mon_L3_00/llc_occupancy,Fri Aug 19 13:59:04 UTC 2022,4997120
/sys/fs/resctrl/parsec-rdt/mon_data/mon_L3_00/llc_occupancy,Fri Aug 19 13:59:04 UTC 2022,0
/sys/fs/resctrl/memcached-server-rdt/mon_data/mon_L3_00/llc_occupancy,Fri Aug 19 13:59:07 UTC 2022,4628480
/sys/fs/resctrl/parsec-rdt/mon_data/mon_L3_00/llc_occupancy,Fri Aug 19 13:59:07 UTC 2022,0
/sys/fs/resctrl/memcached-server-rdt/mon_data/mon_L3_00/llc_occupancy,Fri Aug 19 13:59:10 UTC 2022,4751360
/sys/fs/resctrl/parsec-rdt/mon_data/mon_L3_00/llc_occupancy,Fri Aug 19 13:59:10 UTC 2022,0
/sys/fs/resctrl/memcached-server-rdt/mon_data/mon_L3_00/llc_occupancy,Fri Aug 19 13:59:13 UTC 2022,0
/sys/fs/resctrl/parsec-rdt/mon_data/mon_L3_00/llc_occupancy,Fri Aug 19 13:59:13 UTC 2022,0
/sys/fs/resctrl/memcached-server-rdt/mon_data/mon_L3_00/llc_occupancy,Fri Aug 19 13:59:16 UTC 2022,0
/sys/fs/resctrl/parsec-rdt/mon_data/mon_L3_00/llc_occupancy,Fri Aug 19 13:59:16 UTC 2022,0
/sys/fs/resctrl/memcached-server-rdt/mon_data/mon_L3_00/llc_occupancy,Fri Aug 19 13:59:19 UTC 2022,0
/sys/fs/resctrl/parsec-rdt/mon_data/mon_L3_00/llc_occupancy,Fri Aug 19 13:59:19 UTC 2022,0
/sys/fs/resctrl/memcached-server-rdt/mon_data/mon_L3_00/llc_occupancy,Fri Aug 19 13:59:22 UTC 2022,5693440
/sys/fs/resctrl/parsec-rdt/mon_data/mon_L3_00/llc_occupancy,Fri Aug 19 13:59:22 UTC 2022,0
/sys/fs/resctrl/memcached-server-rdt/mon_data/mon_L3_00/llc_occupancy,Fri Aug 19 13:59:25 UTC 2022,4505600
/sys/fs/resctrl/parsec-rdt/mon_data/mon_L3_00/llc_occupancy,Fri Aug 19 13:59:25 UTC 2022,327680
/sys/fs/resctrl/memcached-server-rdt/mon_data/mon_L3_00/llc_occupancy,Fri Aug 19 13:59:28 UTC 2022,3358720
/sys/fs/resctrl/parsec-rdt/mon_data/mon_L3_00/llc_occupancy,Fri Aug 19 13:59:28 UTC 2022,2949120
/sys/fs/resctrl/memcached-server-rdt/mon_data/mon_L3_00/llc_occupancy,Fri Aug 19 13:59:31 UTC 2022,2744320
/sys/fs/resctrl/parsec-rdt/mon_data/mon_L3_00/llc_occupancy,Fri Aug 19 13:59:31 UTC 2022,4300800
/sys/fs/resctrl/memcached-server-rdt/mon_data/mon_L3_00/llc_occupancy,Fri Aug 19 13:59:34 UTC 2022,2703360
/sys/fs/resctrl/parsec-rdt/mon_data/mon_L3_00/llc_occupancy,Fri Aug 19 13:59:34 UTC 2022,4874240
/sys/fs/resctrl/memcached-server-rdt/mon_data/mon_L3_00/llc_occupancy,Fri Aug 19 13:59:37 UTC 2022,4464640
/sys/fs/resctrl/parsec-rdt/mon_data/mon_L3_00/llc_occupancy,Fri Aug 19 13:59:37 UTC 2022,2867200
/sys/fs/resctrl/memcached-server-rdt/mon_data/mon_L3_00/llc_occupancy,Fri Aug 19 13:59:40 UTC 2022,3932160
/sys/fs/resctrl/parsec-rdt/mon_data/mon_L3_00/llc_occupancy,Fri Aug 19 13:59:40 UTC 2022,2211840
/sys/fs/resctrl/memcached-server-rdt/mon_data/mon_L3_00/llc_occupancy,Fri Aug 19 13:59:43 UTC 2022,4300800
/sys/fs/resctrl/parsec-rdt/mon_data/mon_L3_00/llc_occupancy,Fri Aug 19 13:59:43 UTC 2022,2375680
/sys/fs/resctrl/memcached-server-rdt/mon_data/mon_L3_00/llc_occupancy,Fri Aug 19 13:59:46 UTC 2022,4997120
/sys/fs/resctrl/parsec-rdt/mon_data/mon_L3_00/llc_occupancy,Fri Aug 19 13:59:47 UTC 2022,2457600
/sys/fs/resctrl/memcached-server-rdt/mon_data/mon_L3_00/llc_occupancy,Fri Aug 19 13:59:50 UTC 2022,5652480
/sys/fs/resctrl/parsec-rdt/mon_data/mon_L3_00/llc_occupancy,Fri Aug 19 13:59:50 UTC 2022,1187840
/sys/fs/resctrl/memcached-server-rdt/mon_data/mon_L3_00/llc_occupancy,Fri Aug 19 13:59:53 UTC 2022,2867200
/sys/fs/resctrl/parsec-rdt/mon_data/mon_L3_00/llc_occupancy,Fri Aug 19 13:59:53 UTC 2022,1474560
/sys/fs/resctrl/memcached-server-rdt/mon_data/mon_L3_00/llc_occupancy,Fri Aug 19 13:59:56 UTC 2022,4300800
/sys/fs/resctrl/parsec-rdt/mon_data/mon_L3_00/llc_occupancy,Fri Aug 19 13:59:56 UTC 2022,1433600
/sys/fs/resctrl/memcached-server-rdt/mon_data/mon_L3_00/llc_occupancy,Fri Aug 19 13:59:59 UTC 2022,2293760
/sys/fs/resctrl/parsec-rdt/mon_data/mon_L3_00/llc_occupancy,Fri Aug 19 13:59:59 UTC 2022,4669440
/sys/fs/resctrl/memcached-server-rdt/mon_data/mon_L3_00/llc_occupancy,Fri Aug 19 14:00:02 UTC 2022,2785280
/sys/fs/resctrl/parsec-rdt/mon_data/mon_L3_00/llc_occupancy,Fri Aug 19 14:00:02 UTC 2022,4136960
/sys/fs/resctrl/memcached-server-rdt/mon_data/mon_L3_00/llc_occupancy,Fri Aug 19 14:00:05 UTC 2022,2990080
/sys/fs/resctrl/parsec-rdt/mon_data/mon_L3_00/llc_occupancy,Fri Aug 19 14:00:05 UTC 2022,3973120
/sys/fs/resctrl/memcached-server-rdt/mon_data/mon_L3_00/llc_occupancy,Fri Aug 19 14:00:08 UTC 2022,3604480
/sys/fs/resctrl/parsec-rdt/mon_data/mon_L3_00/llc_occupancy,Fri Aug 19 14:00:08 UTC 2022,3031040
/sys/fs/resctrl/memcached-server-rdt/mon_data/mon_L3_00/llc_occupancy,Fri Aug 19 14:00:11 UTC 2022,3891200
/sys/fs/resctrl/parsec-rdt/mon_data/mon_L3_00/llc_occupancy,Fri Aug 19 14:00:11 UTC 2022,2211840
/sys/fs/resctrl/memcached-server-rdt/mon_data/mon_L3_00/llc_occupancy,Fri Aug 19 14:00:14 UTC 2022,0
/sys/fs/resctrl/parsec-rdt/mon_data/mon_L3_00/llc_occupancy,Fri Aug 19 14:00:14 UTC 2022,7782400
/sys/fs/resctrl/memcached-server-rdt/mon_data/mon_L3_00/llc_occupancy,Fri Aug 19 14:00:17 UTC 2022,0
/sys/fs/resctrl/parsec-rdt/mon_data/mon_L3_00/llc_occupancy,Fri Aug 19 14:00:17 UTC 2022,7741440
/sys/fs/resctrl/memcached-server-rdt/mon_data/mon_L3_00/llc_occupancy,Fri Aug 19 14:00:20 UTC 2022,0
/sys/fs/resctrl/parsec-rdt/mon_data/mon_L3_00/llc_occupancy,Fri Aug 19 14:00:20 UTC 2022,7741440
/sys/fs/resctrl/memcached-server-rdt/mon_data/mon_L3_00/llc_occupancy,Fri Aug 19 14:00:23 UTC 2022,4382720
/sys/fs/resctrl/parsec-rdt/mon_data/mon_L3_00/llc_occupancy,Fri Aug 19 14:00:23 UTC 2022,2826240
/sys/fs/resctrl/memcached-server-rdt/mon_data/mon_L3_00/llc_occupancy,Fri Aug 19 14:00:26 UTC 2022,901120
/sys/fs/resctrl/parsec-rdt/mon_data/mon_L3_00/llc_occupancy,Fri Aug 19 14:00:26 UTC 2022,6021120
/sys/fs/resctrl/memcached-server-rdt/mon_data/mon_L3_00/llc_occupancy,Fri Aug 19 14:00:29 UTC 2022,3399680
/sys/fs/resctrl/parsec-rdt/mon_data/mon_L3_00/llc_occupancy,Fri Aug 19 14:00:29 UTC 2022,3604480
/sys/fs/resctrl/memcached-server-rdt/mon_data/mon_L3_00/llc_occupancy,Fri Aug 19 14:00:32 UTC 2022,3850240
/sys/fs/resctrl/parsec-rdt/mon_data/mon_L3_00/llc_occupancy,Fri Aug 19 14:00:32 UTC 2022,3031040
/sys/fs/resctrl/memcached-server-rdt/mon_data/mon_L3_00/llc_occupancy,Fri Aug 19 14:00:35 UTC 2022,5816320
/sys/fs/resctrl/parsec-rdt/mon_data/mon_L3_00/llc_occupancy,Fri Aug 19 14:00:35 UTC 2022,1351680
/sys/fs/resctrl/memcached-server-rdt/mon_data/mon_L3_00/llc_occupancy,Fri Aug 19 14:00:38 UTC 2022,3522560
/sys/fs/resctrl/parsec-rdt/mon_data/mon_L3_00/llc_occupancy,Fri Aug 19 14:00:38 UTC 2022,3768320
/sys/fs/resctrl/memcached-server-rdt/mon_data/mon_L3_00/llc_occupancy,Fri Aug 19 14:00:41 UTC 2022,4096000
/sys/fs/resctrl/parsec-rdt/mon_data/mon_L3_00/llc_occupancy,Fri Aug 19 14:00:41 UTC 2022,2949120
/sys/fs/resctrl/memcached-server-rdt/mon_data/mon_L3_00/llc_occupancy,Fri Aug 19 14:00:44 UTC 2022,3727360
/sys/fs/resctrl/parsec-rdt/mon_data/mon_L3_00/llc_occupancy,Fri Aug 19 14:00:44 UTC 2022,3031040
/sys/fs/resctrl/memcached-server-rdt/mon_data/mon_L3_00/llc_occupancy,Fri Aug 19 14:00:47 UTC 2022,4136960
/sys/fs/resctrl/parsec-rdt/mon_data/mon_L3_00/llc_occupancy,Fri Aug 19 14:00:47 UTC 2022,2703360
/sys/fs/resctrl/memcached-server-rdt/mon_data/mon_L3_00/llc_occupancy,Fri Aug 19 14:00:50 UTC 2022,3891200
/sys/fs/resctrl/parsec-rdt/mon_data/mon_L3_00/llc_occupancy,Fri Aug 19 14:00:50 UTC 2022,2908160
/sys/fs/resctrl/memcached-server-rdt/mon_data/mon_L3_00/llc_occupancy,Fri Aug 19 14:00:53 UTC 2022,4628480
/sys/fs/resctrl/parsec-rdt/mon_data/mon_L3_00/llc_occupancy,Fri Aug 19 14:00:53 UTC 2022,2785280
/sys/fs/resctrl/memcached-server-rdt/mon_data/mon_L3_00/llc_occupancy,Fri Aug 19 14:00:56 UTC 2022,532480
/sys/fs/resctrl/parsec-rdt/mon_data/mon_L3_00/llc_occupancy,Fri Aug 19 14:00:56 UTC 2022,7004160
/sys/fs/resctrl/memcached-server-rdt/mon_data/mon_L3_00/llc_occupancy,Fri Aug 19 14:00:59 UTC 2022,4300800
/sys/fs/resctrl/parsec-rdt/mon_data/mon_L3_00/llc_occupancy,Fri Aug 19 14:00:59 UTC 2022,3072000
/sys/fs/resctrl/memcached-server-rdt/mon_data/mon_L3_00/llc_occupancy,Fri Aug 19 14:01:02 UTC 2022,2457600
/sys/fs/resctrl/parsec-rdt/mon_data/mon_L3_00/llc_occupancy,Fri Aug 19 14:01:02 UTC 2022,4341760
/sys/fs/resctrl/memcached-server-rdt/mon_data/mon_L3_00/llc_occupancy,Fri Aug 19 14:01:05 UTC 2022,4382720
/sys/fs/resctrl/parsec-rdt/mon_data/mon_L3_00/llc_occupancy,Fri Aug 19 14:01:05 UTC 2022,2416640
/sys/fs/resctrl/memcached-server-rdt/mon_data/mon_L3_00/llc_occupancy,Fri Aug 19 14:01:08 UTC 2022,3932160
/sys/fs/resctrl/parsec-rdt/mon_data/mon_L3_00/llc_occupancy,Fri Aug 19 14:01:08 UTC 2022,2949120
/sys/fs/resctrl/memcached-server-rdt/mon_data/mon_L3_00/llc_occupancy,Fri Aug 19 14:01:11 UTC 2022,3112960
/sys/fs/resctrl/parsec-rdt/mon_data/mon_L3_00/llc_occupancy,Fri Aug 19 14:01:11 UTC 2022,3850240
/sys/fs/resctrl/memcached-server-rdt/mon_data/mon_L3_00/llc_occupancy,Fri Aug 19 14:01:14 UTC 2022,0
/sys/fs/resctrl/parsec-rdt/mon_data/mon_L3_00/llc_occupancy,Fri Aug 19 14:01:14 UTC 2022,7741440
/sys/fs/resctrl/memcached-server-rdt/mon_data/mon_L3_00/llc_occupancy,Fri Aug 19 14:01:17 UTC 2022,0
/sys/fs/resctrl/parsec-rdt/mon_data/mon_L3_00/llc_occupancy,Fri Aug 19 14:01:17 UTC 2022,7659520
/sys/fs/resctrl/memcached-server-rdt/mon_data/mon_L3_00/llc_occupancy,Fri Aug 19 14:01:20 UTC 2022,0
/sys/fs/resctrl/parsec-rdt/mon_data/mon_L3_00/llc_occupancy,Fri Aug 19 14:01:20 UTC 2022,7741440
/sys/fs/resctrl/memcached-server-rdt/mon_data/mon_L3_00/llc_occupancy,Fri Aug 19 14:01:23 UTC 2022,4833280
/sys/fs/resctrl/parsec-rdt/mon_data/mon_L3_00/llc_occupancy,Fri Aug 19 14:01:23 UTC 2022,1925120
/sys/fs/resctrl/memcached-server-rdt/mon_data/mon_L3_00/llc_occupancy,Fri Aug 19 14:01:26 UTC 2022,5980160
/sys/fs/resctrl/parsec-rdt/mon_data/mon_L3_00/llc_occupancy,Fri Aug 19 14:01:26 UTC 2022,0
/sys/fs/resctrl/memcached-server-rdt/mon_data/mon_L3_00/llc_occupancy,Fri Aug 19 14:01:29 UTC 2022,6922240
/sys/fs/resctrl/parsec-rdt/mon_data/mon_L3_00/llc_occupancy,Fri Aug 19 14:01:29 UTC 2022,0
/sys/fs/resctrl/memcached-server-rdt/mon_data/mon_L3_00/llc_occupancy,Fri Aug 19 14:01:32 UTC 2022,5980160
/sys/fs/resctrl/parsec-rdt/mon_data/mon_L3_00/llc_occupancy,Fri Aug 19 14:01:32 UTC 2022,0
/sys/fs/resctrl/memcached-server-rdt/mon_data/mon_L3_00/llc_occupancy,Fri Aug 19 14:01:35 UTC 2022,6225920
/sys/fs/resctrl/parsec-rdt/mon_data/mon_L3_00/llc_occupancy,Fri Aug 19 14:01:35 UTC 2022,0
/sys/fs/resctrl/memcached-server-rdt/mon_data/mon_L3_00/llc_occupancy,Fri Aug 19 14:01:38 UTC 2022,5038080
/sys/fs/resctrl/parsec-rdt/mon_data/mon_L3_00/llc_occupancy,Fri Aug 19 14:01:38 UTC 2022,0
/sys/fs/resctrl/memcached-server-rdt/mon_data/mon_L3_00/llc_occupancy,Fri Aug 19 14:01:41 UTC 2022,6758400
/sys/fs/resctrl/parsec-rdt/mon_data/mon_L3_00/llc_occupancy,Fri Aug 19 14:01:41 UTC 2022,0
/sys/fs/resctrl/memcached-server-rdt/mon_data/mon_L3_00/llc_occupancy,Fri Aug 19 14:01:44 UTC 2022,5775360
/sys/fs/resctrl/parsec-rdt/mon_data/mon_L3_00/llc_occupancy,Fri Aug 19 14:01:44 UTC 2022,0
/sys/fs/resctrl/memcached-server-rdt/mon_data/mon_L3_00/llc_occupancy,Fri Aug 19 14:01:47 UTC 2022,6553600
/sys/fs/resctrl/parsec-rdt/mon_data/mon_L3_00/llc_occupancy,Fri Aug 19 14:01:47 UTC 2022,0
/sys/fs/resctrl/memcached-server-rdt/mon_data/mon_L3_00/llc_occupancy,Fri Aug 19 14:01:50 UTC 2022,7045120
/sys/fs/resctrl/parsec-rdt/mon_data/mon_L3_00/llc_occupancy,Fri Aug 19 14:01:50 UTC 2022,0
/sys/fs/resctrl/memcached-server-rdt/mon_data/mon_L3_00/llc_occupancy,Fri Aug 19 14:01:53 UTC 2022,6471680
/sys/fs/resctrl/parsec-rdt/mon_data/mon_L3_00/llc_occupancy,Fri Aug 19 14:01:53 UTC 2022,0
/sys/fs/resctrl/memcached-server-rdt/mon_data/mon_L3_00/llc_occupancy,Fri Aug 19 14:01:56 UTC 2022,4505600
/sys/fs/resctrl/parsec-rdt/mon_data/mon_L3_00/llc_occupancy,Fri Aug 19 14:01:56 UTC 2022,0
/sys/fs/resctrl/memcached-server-rdt/mon_data/mon_L3_00/llc_occupancy,Fri Aug 19 14:01:59 UTC 2022,5734400
/sys/fs/resctrl/parsec-rdt/mon_data/mon_L3_00/llc_occupancy,Fri Aug 19 14:01:59 UTC 2022,0
/sys/fs/resctrl/memcached-server-rdt/mon_data/mon_L3_00/llc_occupancy,Fri Aug 19 14:02:02 UTC 2022,4915200
/sys/fs/resctrl/parsec-rdt/mon_data/mon_L3_00/llc_occupancy,Fri Aug 19 14:02:02 UTC 2022,0
/sys/fs/resctrl/memcached-server-rdt/mon_data/mon_L3_00/llc_occupancy,Fri Aug 19 14:02:05 UTC 2022,5283840
/sys/fs/resctrl/parsec-rdt/mon_data/mon_L3_00/llc_occupancy,Fri Aug 19 14:02:05 UTC 2022,0
/sys/fs/resctrl/memcached-server-rdt/mon_data/mon_L3_00/llc_occupancy,Fri Aug 19 14:02:08 UTC 2022,4423680
/sys/fs/resctrl/parsec-rdt/mon_data/mon_L3_00/llc_occupancy,Fri Aug 19 14:02:08 UTC 2022,0
/sys/fs/resctrl/memcached-server-rdt/mon_data/mon_L3_00/llc_occupancy,Fri Aug 19 14:02:11 UTC 2022,5324800
/sys/fs/resctrl/parsec-rdt/mon_data/mon_L3_00/llc_occupancy,Fri Aug 19 14:02:11 UTC 2022,0
/sys/fs/resctrl/memcached-server-rdt/mon_data/mon_L3_00/llc_occupancy,Fri Aug 19 14:02:14 UTC 2022,40960
/sys/fs/resctrl/parsec-rdt/mon_data/mon_L3_00/llc_occupancy,Fri Aug 19 14:02:14 UTC 2022,0
/sys/fs/resctrl/memcached-server-rdt/mon_data/mon_L3_00/llc_occupancy,Fri Aug 19 14:02:17 UTC 2022,40960
/sys/fs/resctrl/parsec-rdt/mon_data/mon_L3_00/llc_occupancy,Fri Aug 19 14:02:17 UTC 2022,0
/sys/fs/resctrl/memcached-server-rdt/mon_data/mon_L3_00/llc_occupancy,Fri Aug 19 14:02:20 UTC 2022,40960
/sys/fs/resctrl/parsec-rdt/mon_data/mon_L3_00/llc_occupancy,Fri Aug 19 14:02:20 UTC 2022,0
/sys/fs/resctrl/memcached-server-rdt/mon_data/mon_L3_00/llc_occupancy,Fri Aug 19 14:02:23 UTC 2022,4874240
/sys/fs/resctrl/parsec-rdt/mon_data/mon_L3_00/llc_occupancy,Fri Aug 19 14:02:23 UTC 2022,0
/sys/fs/resctrl/memcached-server-rdt/mon_data/mon_L3_00/llc_occupancy,Fri Aug 19 14:02:26 UTC 2022,2539520
/sys/fs/resctrl/parsec-rdt/mon_data/mon_L3_00/llc_occupancy,Fri Aug 19 14:02:26 UTC 2022,6266880
/sys/fs/resctrl/memcached-server-rdt/mon_data/mon_L3_00/llc_occupancy,Fri Aug 19 14:02:29 UTC 2022,1310720
/sys/fs/resctrl/parsec-rdt/mon_data/mon_L3_00/llc_occupancy,Fri Aug 19 14:02:29 UTC 2022,5980160
/sys/fs/resctrl/memcached-server-rdt/mon_data/mon_L3_00/llc_occupancy,Fri Aug 19 14:02:32 UTC 2022,2375680
/sys/fs/resctrl/parsec-rdt/mon_data/mon_L3_00/llc_occupancy,Fri Aug 19 14:02:32 UTC 2022,5038080
/sys/fs/resctrl/memcached-server-rdt/mon_data/mon_L3_00/llc_occupancy,Fri Aug 19 14:02:35 UTC 2022,3481600
/sys/fs/resctrl/parsec-rdt/mon_data/mon_L3_00/llc_occupancy,Fri Aug 19 14:02:35 UTC 2022,5406720
/sys/fs/resctrl/memcached-server-rdt/mon_data/mon_L3_00/llc_occupancy,Fri Aug 19 14:02:38 UTC 2022,2211840
/sys/fs/resctrl/parsec-rdt/mon_data/mon_L3_00/llc_occupancy,Fri Aug 19 14:02:38 UTC 2022,6594560
/sys/fs/resctrl/memcached-server-rdt/mon_data/mon_L3_00/llc_occupancy,Fri Aug 19 14:02:41 UTC 2022,1843200
/sys/fs/resctrl/parsec-rdt/mon_data/mon_L3_00/llc_occupancy,Fri Aug 19 14:02:41 UTC 2022,4382720
/sys/fs/resctrl/memcached-server-rdt/mon_data/mon_L3_00/llc_occupancy,Fri Aug 19 14:02:44 UTC 2022,1638400
/sys/fs/resctrl/parsec-rdt/mon_data/mon_L3_00/llc_occupancy,Fri Aug 19 14:02:44 UTC 2022,3194880
/sys/fs/resctrl/memcached-server-rdt/mon_data/mon_L3_00/llc_occupancy,Fri Aug 19 14:02:47 UTC 2022,3194880
/sys/fs/resctrl/parsec-rdt/mon_data/mon_L3_00/llc_occupancy,Fri Aug 19 14:02:47 UTC 2022,1966080
/sys/fs/resctrl/memcached-server-rdt/mon_data/mon_L3_00/llc_occupancy,Fri Aug 19 14:02:50 UTC 2022,4382720
/sys/fs/resctrl/parsec-rdt/mon_data/mon_L3_00/llc_occupancy,Fri Aug 19 14:02:50 UTC 2022,7004160
/sys/fs/resctrl/memcached-server-rdt/mon_data/mon_L3_00/llc_occupancy,Fri Aug 19 14:02:53 UTC 2022,2744320
/sys/fs/resctrl/parsec-rdt/mon_data/mon_L3_00/llc_occupancy,Fri Aug 19 14:02:53 UTC 2022,4751360
/sys/fs/resctrl/memcached-server-rdt/mon_data/mon_L3_00/llc_occupancy,Fri Aug 19 14:02:56 UTC 2022,1024000
/sys/fs/resctrl/parsec-rdt/mon_data/mon_L3_00/llc_occupancy,Fri Aug 19 14:02:56 UTC 2022,6635520
/sys/fs/resctrl/memcached-server-rdt/mon_data/mon_L3_00/llc_occupancy,Fri Aug 19 14:02:59 UTC 2022,4874240
/sys/fs/resctrl/parsec-rdt/mon_data/mon_L3_00/llc_occupancy,Fri Aug 19 14:02:59 UTC 2022,6717440
/sys/fs/resctrl/memcached-server-rdt/mon_data/mon_L3_00/llc_occupancy,Fri Aug 19 14:03:02 UTC 2022,1679360
/sys/fs/resctrl/parsec-rdt/mon_data/mon_L3_00/llc_occupancy,Fri Aug 19 14:03:02 UTC 2022,5734400
/sys/fs/resctrl/memcached-server-rdt/mon_data/mon_L3_00/llc_occupancy,Fri Aug 19 14:03:05 UTC 2022,2375680
/sys/fs/resctrl/parsec-rdt/mon_data/mon_L3_00/llc_occupancy,Fri Aug 19 14:03:05 UTC 2022,6881280
/sys/fs/resctrl/memcached-server-rdt/mon_data/mon_L3_00/llc_occupancy,Fri Aug 19 14:03:08 UTC 2022,3276800
/sys/fs/resctrl/parsec-rdt/mon_data/mon_L3_00/llc_occupancy,Fri Aug 19 14:03:08 UTC 2022,6144000
/sys/fs/resctrl/memcached-server-rdt/mon_data/mon_L3_00/llc_occupancy,Fri Aug 19 14:03:11 UTC 2022,3809280
/sys/fs/resctrl/parsec-rdt/mon_data/mon_L3_00/llc_occupancy,Fri Aug 19 14:03:11 UTC 2022,5898240
/sys/fs/resctrl/memcached-server-rdt/mon_data/mon_L3_00/llc_occupancy,Fri Aug 19 14:03:14 UTC 2022,0
/sys/fs/resctrl/parsec-rdt/mon_data/mon_L3_00/llc_occupancy,Fri Aug 19 14:03:14 UTC 2022,7987200
/sys/fs/resctrl/memcached-server-rdt/mon_data/mon_L3_00/llc_occupancy,Fri Aug 19 14:03:17 UTC 2022,0
/sys/fs/resctrl/parsec-rdt/mon_data/mon_L3_00/llc_occupancy,Fri Aug 19 14:03:17 UTC 2022,7905280
/sys/fs/resctrl/memcached-server-rdt/mon_data/mon_L3_00/llc_occupancy,Fri Aug 19 14:03:20 UTC 2022,0
/sys/fs/resctrl/parsec-rdt/mon_data/mon_L3_00/llc_occupancy,Fri Aug 19 14:03:20 UTC 2022,7905280
/sys/fs/resctrl/memcached-server-rdt/mon_data/mon_L3_00/llc_occupancy,Fri Aug 19 14:03:23 UTC 2022,1228800
/sys/fs/resctrl/parsec-rdt/mon_data/mon_L3_00/llc_occupancy,Fri Aug 19 14:03:23 UTC 2022,5652480
/sys/fs/resctrl/memcached-server-rdt/mon_data/mon_L3_00/llc_occupancy,Fri Aug 19 14:03:26 UTC 2022,3809280
/sys/fs/resctrl/parsec-rdt/mon_data/mon_L3_00/llc_occupancy,Fri Aug 19 14:03:26 UTC 2022,6512640
/sys/fs/resctrl/memcached-server-rdt/mon_data/mon_L3_00/llc_occupancy,Fri Aug 19 14:03:29 UTC 2022,1925120
/sys/fs/resctrl/parsec-rdt/mon_data/mon_L3_00/llc_occupancy,Fri Aug 19 14:03:29 UTC 2022,6103040
/sys/fs/resctrl/memcached-server-rdt/mon_data/mon_L3_00/llc_occupancy,Fri Aug 19 14:03:32 UTC 2022,1761280
/sys/fs/resctrl/parsec-rdt/mon_data/mon_L3_00/llc_occupancy,Fri Aug 19 14:03:32 UTC 2022,6021120
/sys/fs/resctrl/memcached-server-rdt/mon_data/mon_L3_00/llc_occupancy,Fri Aug 19 14:03:35 UTC 2022,2416640
/sys/fs/resctrl/parsec-rdt/mon_data/mon_L3_00/llc_occupancy,Fri Aug 19 14:03:35 UTC 2022,5079040
/sys/fs/resctrl/memcached-server-rdt/mon_data/mon_L3_00/llc_occupancy,Fri Aug 19 14:03:38 UTC 2022,1638400
/sys/fs/resctrl/parsec-rdt/mon_data/mon_L3_00/llc_occupancy,Fri Aug 19 14:03:38 UTC 2022,5939200
/sys/fs/resctrl/memcached-server-rdt/mon_data/mon_L3_00/llc_occupancy,Fri Aug 19 14:03:41 UTC 2022,1105920
/sys/fs/resctrl/parsec-rdt/mon_data/mon_L3_00/llc_occupancy,Fri Aug 19 14:03:41 UTC 2022,5324800
/sys/fs/resctrl/memcached-server-rdt/mon_data/mon_L3_00/llc_occupancy,Fri Aug 19 14:03:44 UTC 2022,1105920
/sys/fs/resctrl/parsec-rdt/mon_data/mon_L3_00/llc_occupancy,Fri Aug 19 14:03:44 UTC 2022,6225920
/sys/fs/resctrl/memcached-server-rdt/mon_data/mon_L3_00/llc_occupancy,Fri Aug 19 14:03:47 UTC 2022,3809280
/sys/fs/resctrl/parsec-rdt/mon_data/mon_L3_00/llc_occupancy,Fri Aug 19 14:03:47 UTC 2022,6062080
/sys/fs/resctrl/memcached-server-rdt/mon_data/mon_L3_00/llc_occupancy,Fri Aug 19 14:03:50 UTC 2022,3072000
/sys/fs/resctrl/parsec-rdt/mon_data/mon_L3_00/llc_occupancy,Fri Aug 19 14:03:50 UTC 2022,4792320
/sys/fs/resctrl/memcached-server-rdt/mon_data/mon_L3_00/llc_occupancy,Fri Aug 19 14:03:53 UTC 2022,2580480
/sys/fs/resctrl/parsec-rdt/mon_data/mon_L3_00/llc_occupancy,Fri Aug 19 14:03:53 UTC 2022,4382720
/sys/fs/resctrl/memcached-server-rdt/mon_data/mon_L3_00/llc_occupancy,Fri Aug 19 14:03:56 UTC 2022,2703360
/sys/fs/resctrl/parsec-rdt/mon_data/mon_L3_00/llc_occupancy,Fri Aug 19 14:03:56 UTC 2022,2457600
/sys/fs/resctrl/memcached-server-rdt/mon_data/mon_L3_00/llc_occupancy,Fri Aug 19 14:03:59 UTC 2022,1351680
/sys/fs/resctrl/parsec-rdt/mon_data/mon_L3_00/llc_occupancy,Fri Aug 19 14:03:59 UTC 2022,5242880
/sys/fs/resctrl/memcached-server-rdt/mon_data/mon_L3_00/llc_occupancy,Fri Aug 19 14:04:02 UTC 2022,3973120
/sys/fs/resctrl/parsec-rdt/mon_data/mon_L3_00/llc_occupancy,Fri Aug 19 14:04:02 UTC 2022,4218880
/sys/fs/resctrl/memcached-server-rdt/mon_data/mon_L3_00/llc_occupancy,Fri Aug 19 14:04:05 UTC 2022,2170880
/sys/fs/resctrl/parsec-rdt/mon_data/mon_L3_00/llc_occupancy,Fri Aug 19 14:04:05 UTC 2022,1556480
/sys/fs/resctrl/memcached-server-rdt/mon_data/mon_L3_00/llc_occupancy,Fri Aug 19 14:04:08 UTC 2022,3645440
/sys/fs/resctrl/parsec-rdt/mon_data/mon_L3_00/llc_occupancy,Fri Aug 19 14:04:08 UTC 2022,3072000
/sys/fs/resctrl/memcached-server-rdt/mon_data/mon_L3_00/llc_occupancy,Fri Aug 19 14:04:11 UTC 2022,1843200
/sys/fs/resctrl/parsec-rdt/mon_data/mon_L3_00/llc_occupancy,Fri Aug 19 14:04:11 UTC 2022,5529600
/sys/fs/resctrl/memcached-server-rdt/mon_data/mon_L3_00/llc_occupancy,Fri Aug 19 14:04:15 UTC 2022,0
/sys/fs/resctrl/parsec-rdt/mon_data/mon_L3_00/llc_occupancy,Fri Aug 19 14:04:15 UTC 2022,7946240
/sys/fs/resctrl/memcached-server-rdt/mon_data/mon_L3_00/llc_occupancy,Fri Aug 19 14:04:18 UTC 2022,0
/sys/fs/resctrl/parsec-rdt/mon_data/mon_L3_00/llc_occupancy,Fri Aug 19 14:04:18 UTC 2022,7905280
